key,fare_amount,pickup_datetime,pickup_longitude,pickup_latitude,dropoff_longitude,dropoff_latitude,passenger_count
2009-12-05 10:58:03.0000005,5.7,2009-12-05 10:58:03 UTC,-73.986105,40.726468,-74.003967,40.729337,1
2014-02-19 21:42:16.0000004,15.5,2014-02-19 21:42:16 UTC,-73.98602,40.756367,-73.960374,40.799972,1
2011-10-08 11:36:00.00000025,17.7,2011-10-08 11:36:00 UTC,-74.014813,40.711205,-74.014813,40.711205,5
2011-11-03 14:23:36.0000005,5.7,2011-11-03 14:23:36 UTC,-73.9669,40.7728,-73.974,40.7631,2
2010-12-13 21:00:18.0000009,6.1,2010-12-13 21:00:18 UTC,-74.00117,40.718877,-74.014814,40.709513,1
2009-05-23 23:08:32.0000001,5.7,2009-05-23 23:08:32 UTC,-73.993265,40.738349,-74.005808,40.741242,1
2009-11-17 09:09:35.0000004,27.07,2009-11-17 09:09:35 UTC,-73.959893,40.813775,-73.861905,40.768563,1
2009-06-05 11:17:00.000000222,8.9,2009-06-05 11:17:00 UTC,-73.958435,40.783697,-73.976677,40.758858,1
2010-05-06 19:38:13.0000002,12.5,2010-05-06 19:38:13 UTC,-73.993389,40.736531,-73.986437,40.777194,1
2014-05-26 17:37:00.000000151,47.5,2014-05-26 17:37:00 UTC,-73.98766,40.724467,-73.987868,40.724022,1
2013-09-13 10:54:36.0000002,7.5,2013-09-13 10:54:36 UTC,-73.97492,40.752202,-73.966646,40.761584,1
2012-01-11 19:11:00.000000226,5.3,2012-01-11 19:11:00 UTC,-73.96607,40.805248,-73.975352,40.789987,5
2011-01-31 14:18:18.0000003,12.5,2011-01-31 14:18:18 UTC,-73.995755,40.754348,-73.986549,40.742753,4
2012-01-18 20:28:36.0000001,5.7,2012-01-18 20:28:36 UTC,-73.970196,40.756501,-73.979621,40.740672,1
2013-12-08 10:06:24.0000001,11.0,2013-12-08 10:06:24 UTC,-73.98944,40.736065,-73.962377,40.763637,1
2009-10-10 20:26:00.000000253,7.3,2009-10-10 20:26:00 UTC,-74.001265,40.7309,-73.983105,40.722595,5
2009-01-04 19:18:00.00000048,8.5,2009-01-04 19:18:00 UTC,-73.982148,40.770557,-73.953045,40.78582,1
2009-07-15 16:32:00.000000160,8.5,2009-07-15 16:32:00 UTC,-73.974778,40.741997,-73.960698,40.767225,5
2013-04-24 14:53:14.0000001,10.0,2013-04-24 14:53:14 UTC,-73.977739,40.754579,-73.962986,40.776832,1
2010-11-24 12:05:04.0000002,6.5,2010-11-24 12:05:04 UTC,-73.979921,40.742013,-73.96294,40.757985,1
2014-09-28 14:10:01.0000003,5.5,2014-09-28 14:10:01 UTC,-74.004879,40.751738,-74.004564,40.74218,1
2010-10-18 19:34:28.0000002,8.1,2010-10-18 19:34:28 UTC,-73.993256,40.742109,-73.982557,40.768899,1
2012-12-11 19:36:00.000000251,17.5,2012-12-11 19:36:00 UTC,-73.9619,40.770995,-73.99521,40.734047,3
2011-07-26 21:02:20.0000007,30.5,2011-07-26 21:02:20 UTC,-74.015534,40.711081,-73.847987,40.725654,1
2014-05-17 21:47:42.0000004,7.5,2014-05-17 21:47:42 UTC,-74.007442,40.733134,-73.995686,40.741036,1
2010-11-26 10:54:27.0000003,14.9,2010-11-26 10:54:27 UTC,-73.998244,40.716879,-73.974381,40.756275,2
2014-04-30 18:13:00.00000084,4.0,2014-04-30 18:13:00 UTC,-73.98555,40.740025,-73.978225,40.737385,1
2011-09-21 14:32:56.0000005,4.9,2011-09-21 14:32:56 UTC,-73.975348,40.745556,-73.987674,40.728808,1
2011-06-06 12:10:06.0000006,7.7,2011-06-06 12:10:06 UTC,-73.97827,40.761125,-73.999902,40.759029,3
2011-11-15 13:15:13.0000003,4.9,2011-11-15 13:15:13 UTC,-73.99182,40.741541,-73.98555,40.734313,1
2012-05-03 17:44:00.00000047,22.3,2012-05-03 17:44:00 UTC,-73.963898,40.80816,-73.907803,40.905135,2
2010-07-06 14:26:14.0000004,7.3,2010-07-06 14:26:14 UTC,-73.990444,40.754386,-73.974864,40.76179,2
2011-03-25 01:05:19.0000001,5.3,2011-03-25 01:05:19 UTC,-73.967589,40.7128,-73.951701,40.714146,1
2010-09-09 02:53:00.00000015,12.5,2010-09-09 02:53:00 UTC,-74.008662,40.725942,-73.988032,40.739313,1
2012-10-15 06:48:40.0000003,7.0,2012-10-15 06:48:40 UTC,-74.000291,40.747929,-74.00433,40.725572,1
2013-12-27 19:23:00.000000112,7.5,2013-12-27 19:23:00 UTC,-73.966338,40.761457,-73.976567,40.751382,6
2012-04-10 11:28:40.0000003,10.5,2012-04-10 11:28:40 UTC,-73.954424,40.765796,-73.980296,40.751188,2
2009-08-23 17:16:13.0000002,5.7,2009-08-23 17:16:13 UTC,-73.977699,40.753114,-73.991916,40.742401,1
2010-09-05 20:06:00.000000144,6.5,2010-09-05 20:06:00 UTC,-73.884592,40.746252,-73.879203,40.746915,1
2013-02-27 02:35:00.00000018,6.0,2013-02-27 02:35:00 UTC,-74.00828,40.736677,-74.004287,40.725512,1
2012-11-04 20:32:00.000000146,7.0,2012-11-04 20:32:00 UTC,0.0,0.0,0.0,0.0,1
2014-08-23 14:29:45.0000001,13.0,2014-08-23 14:29:45 UTC,-73.95944,40.78293,-74.001139,40.762657,3
2010-06-24 20:06:00.00000041,11.3,2010-06-24 20:06:00 UTC,-74.00028,40.718128,-73.963743,40.675592,1
2011-06-07 16:54:32.0000003,31.3,2011-06-07 16:54:32 UTC,-73.874498,40.774016,-73.976494,40.793852,1
2014-03-19 10:08:55.0000006,4.5,2014-03-19 10:08:55 UTC,-73.957494,40.774475,-73.963535,40.773608,3
2010-10-30 03:51:00.000000111,6.9,2010-10-30 03:51:00 UTC,-74.006208,40.741375,-73.98768,40.7351,2
2010-07-11 15:32:01.0000001,5.3,2010-07-11 15:32:01 UTC,-73.977945,40.752331,-73.968994,40.755167,1
2014-10-26 19:58:34.0000004,6.0,2014-10-26 19:58:34 UTC,0.0,0.0,0.0,0.0,1
2010-06-27 00:53:31.0000002,11.3,2010-06-27 00:53:31 UTC,-73.974567,40.783422,-73.989216,40.740691,3
2010-04-12 18:36:12.0000008,11.7,2010-04-12 18:36:12 UTC,-73.96428,40.764519,-73.996839,40.723858,1
2011-02-18 12:46:00.000000147,4.5,2011-02-18 12:46:00 UTC,-73.953208,40.791082,-73.95004,40.783827,3
2010-09-27 15:23:38.0000005,9.7,2010-09-27 15:23:38 UTC,-73.957461,40.785379,-73.979773,40.755675,1
2014-01-08 11:06:00.000000173,14.0,2014-01-08 11:06:00 UTC,-73.98215,40.770617,-73.970967,40.748717,1
2013-01-04 08:45:01.0000003,11.5,2013-01-04 08:45:01 UTC,-74.006593,40.744387,-73.975228,40.755553,1
2010-07-03 15:30:00.00000062,6.1,2010-07-03 15:30:00 UTC,-73.976507,40.764098,-73.987627,40.777962,5
2013-05-27 09:19:00.00000063,33.33,2013-05-27 09:19:00 UTC,-73.97001,40.750512,-73.872835,40.774442,1
2010-05-23 14:27:25.0000002,10.1,2010-05-23 14:27:25 UTC,-73.965565,40.761746,-73.98896,40.747042,1
2010-02-22 18:00:25.0000001,6.9,2010-02-22 18:00:25 UTC,-73.982642,40.731126,-74.000343,40.721869,1
2013-12-15 13:00:00.000000231,6.0,2013-12-15 13:00:00 UTC,-73.97592,40.791557,-73.980462,40.78325,2
2012-03-17 10:01:07.0000001,15.3,2012-03-17 10:01:07 UTC,-73.936367,40.798845,-73.984175,40.74854,1
2013-09-16 13:20:00.00000058,17.0,2013-09-16 13:20:00 UTC,-73.973188,40.755232,-74.01008,40.702,1
2009-11-23 16:18:00.00000059,5.7,2009-11-23 16:18:00 UTC,-73.972477,40.78605,-73.98627,40.775768,1
2013-04-14 19:16:00.000000100,19.0,2013-04-14 19:16:00 UTC,-73.948522,40.78156,-73.988468,40.72285,1
2010-10-13 15:17:00.000000212,5.3,2010-10-13 15:17:00 UTC,-73.991585,40.72622,-73.997113,40.722112,1
2012-12-08 13:52:51.0000003,12.5,2012-12-08 13:52:51 UTC,-73.987872,40.721388,-73.991557,40.749077,1
2011-11-12 20:46:19.0000006,13.3,2011-11-12 20:46:19 UTC,-73.964033,40.710581,-73.981669,40.675173,2
2010-01-02 23:10:00.00000078,8.9,2010-01-02 23:10:00 UTC,-73.995945,40.73231,-73.9779,40.754698,6
2010-11-01 12:17:31.0000001,4.9,2010-11-01 12:17:31 UTC,-73.980637,40.74477,-73.975601,40.754461,1
2014-09-06 17:13:00.00000082,7.5,2014-09-06 17:13:00 UTC,-73.981567,40.746442,-73.987802,40.728682,1
2012-03-15 18:11:00.00000084,4.9,2012-03-15 18:11:00 UTC,-73.981407,40.780645,-73.982185,40.771247,1
2012-12-05 19:46:00.00000037,6.5,2012-12-05 19:46:00 UTC,-73.994,40.72466,-74.001625,40.733662,1
2011-01-23 13:44:00.00000025,7.7,2011-01-23 13:44:00 UTC,-73.980957,40.744588,-73.986698,40.762115,1
2013-07-01 13:45:46.0000001,20.0,2013-07-01 13:45:46 UTC,-73.973775,40.763266,-73.998417,40.754274,1
2009-06-25 10:17:22.0000003,4.9,2009-06-25 10:17:22 UTC,-73.976487,40.792433,-73.968584,40.798519,1
2013-02-25 20:45:04.0000003,23.0,2013-02-25 20:45:04 UTC,-74.006427,40.741412,-73.970478,40.686313,1
2011-08-18 18:30:38.0000001,10.5,2011-08-18 18:30:38 UTC,-73.976867,40.780069,-73.979792,40.755853,1
2012-04-17 22:37:00.00000089,49.8,2012-04-17 22:37:00 UTC,-73.789738,40.643688,-73.964652,40.806755,1
2014-05-30 21:44:34.0000001,7.5,2014-05-30 21:44:34 UTC,-73.964127,40.792641,-73.979984,40.782037,2
2011-04-23 19:20:18.0000009,5.7,2011-04-23 19:20:18 UTC,-73.968685,40.758865,-73.954343,40.778201,1
2011-05-13 21:45:35.0000005,6.1,2011-05-13 21:45:35 UTC,-73.999611,40.74106,-73.988145,40.74921,2
2009-02-04 07:56:20.0000001,4.5,2009-02-04 07:56:20 UTC,-73.986235,40.73449,-73.976001,40.736285,1
2014-09-06 02:25:31.0000001,19.0,2014-09-06 02:25:31 UTC,-73.98625,40.730669,-73.929787,40.699473,1
2010-03-26 16:55:38.0000003,24.67,2010-03-26 16:55:38 UTC,-73.873097,40.774169,-73.953881,40.780495,1
2009-01-18 18:32:02.0000001,8.1,2009-01-18 18:32:02 UTC,-73.96285,40.772443,-73.97643,40.794068,1
2012-08-21 08:05:46.0000003,49.8,2012-08-21 08:05:46 UTC,-73.789961,40.646538,-73.981037,40.73394,1
2010-01-29 23:32:00.00000030,14.9,2010-01-29 23:32:00 UTC,-73.989047,40.717707,-73.954313,40.76992,1
2010-06-13 01:37:00.00000063,20.1,2010-06-13 01:37:00 UTC,-73.980222,40.760105,-73.936753,40.847415,3
2011-11-20 13:48:00.00000025,5.3,2011-11-20 13:48:00 UTC,-73.940885,40.792695,-73.953452,40.778642,1
2014-07-31 09:28:00.000000115,16.0,2014-07-31 09:28:00 UTC,-73.98596,40.76011,-73.962562,40.778767,1
2011-01-10 07:17:25.0000004,6.9,2011-01-10 07:17:25 UTC,-73.993218,40.75748,-73.991185,40.739555,1
2011-08-01 13:11:39.0000003,4.5,2011-08-01 13:11:39 UTC,-73.9915,40.7314,-74.0,40.7278,0
2013-02-25 21:13:00.000000180,4.0,2013-02-25 21:13:00 UTC,-73.98491,40.758285,-73.988387,40.753422,1
2011-07-24 00:47:00.000000130,5.3,2011-07-24 00:47:00 UTC,-74.00248,40.734125,-74.006245,40.739752,3
2010-07-20 12:17:00.0000006,4.9,2010-07-20 12:17:00 UTC,-73.994667,40.745102,-74.003677,40.742783,1
2010-05-01 23:30:16.0000001,7.3,2010-05-01 23:30:16 UTC,-74.005109,40.720374,-73.987229,40.72011,1
2014-05-01 18:29:49.0000004,7.0,2014-05-01 18:29:49 UTC,-73.98765,40.742638,-73.977485,40.752177,2
2010-01-16 00:41:00.0000003,10.1,2010-01-16 00:41:00 UTC,-73.976663,40.735653,-73.985275,40.766177,2
2010-05-22 00:52:00.000000169,8.9,2010-05-22 00:52:00 UTC,-73.99826,40.682328,-73.971613,40.687027,1
2011-09-20 11:43:29.0000002,4.9,2011-09-20 11:43:29 UTC,-74.00163,40.737478,-74.007768,40.742903,1
2012-12-01 00:09:00.000000136,6.5,2012-12-01 00:09:00 UTC,-73.98564,40.738185,-73.975535,40.749897,1
2014-05-19 00:07:16.0000001,7.5,2014-05-19 00:07:16 UTC,-73.927887,40.744145,-73.915594,40.765966,1
2013-08-15 21:11:00.00000060,9.0,2013-08-15 21:11:00 UTC,-74.00029,40.742747,-73.986827,40.761612,3
2012-06-07 22:41:02.0000002,4.1,2012-06-07 22:41:02 UTC,-73.98194,40.768191,-73.982413,40.762491,1
2010-01-12 07:51:00.000000178,14.5,2010-01-12 07:51:00 UTC,-73.965513,40.793975,-73.935057,40.814397,1
2010-02-05 18:41:42.0000003,4.9,2010-02-05 18:41:42 UTC,-73.973561,40.759443,-73.963368,40.76917,1
2012-08-05 10:22:03.0000001,5.7,2012-08-05 10:22:03 UTC,-73.979831,40.762644,-73.986121,40.772447,1
2010-05-15 12:39:00.000000123,6.1,2010-05-15 12:39:00 UTC,-73.988852,40.73423,-73.975233,40.741373,2
2011-08-30 17:38:59.0000001,8.5,2011-08-30 17:38:59 UTC,-73.985093,40.747583,-74.005383,40.739585,1
2013-08-27 09:10:00.00000023,12.0,2013-08-27 09:10:00 UTC,-73.960375,40.761597,-73.970067,40.759677,1
2014-09-25 21:29:14.0000001,30.0,2014-09-25 21:29:14 UTC,-73.961893,40.768422,-73.892225,40.884454,1
2014-02-21 07:16:48.0000002,12.0,2014-02-21 07:16:48 UTC,-73.979657,40.743722,-74.010236,40.720152,1
2014-08-18 14:27:56.0000001,17.0,2014-08-18 14:27:56 UTC,-73.863671,40.769329,-73.917625,40.739412,2
2014-01-11 00:39:18.0000003,7.0,2014-01-11 00:39:18 UTC,-74.00546,40.741993,-73.99131,40.744827,4
2013-08-20 23:41:00.000000133,16.5,2013-08-20 23:41:00 UTC,-73.972445,40.793735,-73.93953,40.848712,1
2011-07-08 18:07:00.000000169,6.9,2011-07-08 18:07:00 UTC,-74.003767,40.732032,-73.991163,40.742172,1
2013-11-11 21:33:00.000000181,5.5,2013-11-11 21:33:00 UTC,-73.98656,40.729642,-73.983475,40.739075,2
2009-12-23 23:00:00.000000134,4.1,2009-12-23 23:00:00 UTC,-73.954345,40.778003,-73.949965,40.786292,5
2011-08-19 11:19:49.0000001,28.5,2011-08-19 11:19:49 UTC,-73.987583,40.769746,-73.950605,40.703203,2
2013-05-18 00:21:53.0000001,15.5,2013-05-18 00:21:53 UTC,-73.989771,40.756242,-73.953413,40.78695,3
2010-02-12 20:06:00.000000237,6.1,2010-02-12 20:06:00 UTC,-73.985727,40.761965,-73.982017,40.77861,5
2009-12-16 00:54:00.0000007,19.7,2009-12-16 00:54:00 UTC,-74.007872,40.732842,-73.952168,40.811225,1
2013-02-04 19:04:37.0000002,4.5,2013-02-04 19:04:37 UTC,-73.982407,40.757282,-73.977048,40.758355,3
2011-10-11 12:29:00.000000167,7.7,2011-10-11 12:29:00 UTC,-73.964612,40.755067,-73.968812,40.764547,6
2012-05-15 12:48:00.0000009,16.1,2012-05-15 12:48:00 UTC,-74.007555,40.743355,-73.953627,40.766847,2
2013-10-04 06:02:00.00000041,14.5,2013-10-04 06:02:00 UTC,-73.99245,40.694247,-73.988498,40.737312,1
2013-08-29 03:13:17.0000002,31.33,2013-08-29 03:13:17 UTC,-73.962163,40.810538,-73.865727,40.771018,1
2010-03-28 00:02:56.0000003,8.1,2010-03-28 00:02:56 UTC,-73.949906,40.776072,-73.969619,40.753477,1
2013-11-04 17:22:00.000000194,6.0,2013-11-04 17:22:00 UTC,-73.954645,40.789372,-73.951142,40.777572,6
2009-03-30 20:44:01.0000003,4.6,2009-03-30 20:44:01 UTC,-73.983455,40.762808,-73.991464,40.750267,1
2010-12-07 20:16:00.000000192,5.7,2010-12-07 20:16:00 UTC,-73.982047,40.736142,-73.98827,40.723417,2
2014-05-26 17:45:43.0000001,7.0,2014-05-26 17:45:43 UTC,-73.97156,40.763312,-73.955118,40.783134,1
2012-10-15 16:18:00.0000008,5.0,2012-10-15 16:18:00 UTC,-73.992202,40.72506,-73.985192,40.729047,1
2011-08-09 10:11:46.0000003,6.9,2011-08-09 10:11:46 UTC,-73.956405,40.771283,-73.967864,40.764027,2
2010-09-03 20:55:00.000000144,15.3,2010-09-03 20:55:00 UTC,-73.992696,40.748688,-73.986597,40.732163,3
2009-05-15 22:37:00.00000088,9.3,2009-05-15 22:37:00 UTC,-73.956413,40.771348,-73.978563,40.741325,5
2009-07-31 14:04:00.00000073,49.57,2009-07-31 14:04:00 UTC,-73.975288,40.789817,-73.782502,40.644147,1
2013-08-13 16:09:34.0000003,3.5,2013-08-13 16:09:34 UTC,-73.984365,40.7748,-73.981187,40.775158,1
2012-10-04 02:48:00.00000026,7.0,2012-10-04 02:48:00 UTC,-74.004512,40.74058,-73.98278,40.73143,1
2010-12-31 11:56:03.0000002,13.7,2010-12-31 11:56:03 UTC,-73.99231,40.758131,-74.004188,40.720896,1
2012-07-07 15:12:00.000000135,15.7,2012-07-07 15:12:00 UTC,-73.99473,40.718663,-73.958448,40.78305,5
2013-04-17 21:00:35.0000006,24.0,2013-04-17 21:00:35 UTC,-73.990366,40.761794,-73.936092,40.857024,2
2011-08-05 08:22:26.0000002,9.7,2011-08-05 08:22:26 UTC,-73.979989,40.739089,-74.009538,40.719927,1
2011-07-31 11:33:42.0000002,9.7,2011-07-31 11:33:42 UTC,-73.9825,40.7411,-74.0059,40.7369,1
2014-02-24 16:12:00.000000114,5.0,2014-02-24 16:12:00 UTC,-73.98461,40.760857,-73.972732,40.764262,6
2009-12-26 02:38:00.00000031,22.5,2009-12-26 02:38:00 UTC,-73.97057,40.788532,-73.973812,40.786317,2
2010-12-12 20:17:43.0000002,6.5,2010-12-12 20:17:43 UTC,-73.925769,40.772376,-73.90493,40.775411,2
2009-10-30 20:55:00.000000242,7.7,2009-10-30 20:55:00 UTC,-73.983027,40.765733,-73.968797,40.754528,5
2010-10-07 06:27:00.00000071,11.3,2010-10-07 06:27:00 UTC,-73.978855,40.720107,-73.987045,40.756135,1
2010-12-20 18:26:59.0000004,6.9,2010-12-20 18:26:59 UTC,-73.99448,40.740614,-73.983946,40.761802,1
2010-06-23 08:45:52.0000006,12.9,2010-06-23 08:45:52 UTC,-73.984649,40.768664,-74.004722,40.723462,1
2014-05-06 23:42:29.0000001,8.5,2014-05-06 23:42:29 UTC,-74.003673,40.7433,-74.001353,40.718939,1
2013-05-14 23:19:00.000000177,13.0,2013-05-14 23:19:00 UTC,-74.007293,40.744782,-73.97076,40.75143,2
2010-10-03 18:48:20.0000002,4.9,2010-10-03 18:48:20 UTC,-73.95831,40.781714,-73.964134,40.770117,1
2013-01-09 08:05:16.0000002,5.5,2013-01-09 08:05:16 UTC,-74.015675,40.715146,-74.010054,40.721455,1
2014-10-31 20:04:00.00000051,9.5,2014-10-31 20:04:00 UTC,-73.97252,40.786665,-73.949265,40.772997,2
2009-06-21 04:56:00.00000022,26.1,2009-06-21 04:56:00 UTC,-73.990755,40.766018,-73.86121,40.76778,3
2009-04-08 10:06:00.000000106,7.3,2009-04-08 10:06:00 UTC,-73.972053,40.794375,-73.980647,40.774847,2
2014-10-02 22:57:49.0000005,8.5,2014-10-02 22:57:49 UTC,-73.986047,40.760843,-73.966477,40.770767,1
2011-07-10 05:50:00.00000026,11.7,2011-07-10 05:50:00 UTC,-73.968213,40.762227,-74.006063,40.724537,1
2012-07-27 21:53:00.000000101,14.9,2012-07-27 21:53:00 UTC,-73.980877,40.782502,-73.999268,40.727885,1
2013-04-19 09:16:19.0000002,10.5,2013-04-19 09:16:19 UTC,-73.943689,40.838856,-73.964223,40.808108,1
2010-09-17 17:58:06.0000005,5.3,2010-09-17 17:58:06 UTC,-73.958292,40.772713,-73.9686,40.752438,1
2011-01-23 14:11:00.000000149,5.7,2011-01-23 14:11:00 UTC,-73.977747,40.74212,-73.991793,40.735332,1
2014-02-03 19:03:13.0000003,6.5,2014-02-03 19:03:13 UTC,-74.003278,40.749087,-73.992506,40.73703,1
2010-11-08 17:27:26.0000002,5.7,2010-11-08 17:27:26 UTC,-73.986073,40.754243,-73.98605,40.741157,1
2012-02-25 01:51:00.000000184,4.9,2012-02-25 01:51:00 UTC,-73.996612,40.72372,-73.99885,40.714573,2
2010-05-05 19:14:48.0000008,3.3,2010-05-05 19:14:48 UTC,-73.998666,40.740354,-74.002306,40.734451,1
2012-05-24 22:21:17.0000001,4.1,2012-05-24 22:21:17 UTC,-73.982452,40.752749,-73.979829,40.745071,1
2010-01-29 12:00:00.00000039,7.3,2010-01-29 12:00:00 UTC,-73.99673,40.739062,-73.981102,40.753537,1
2009-08-19 11:02:00.000000112,5.3,2009-08-19 11:02:00 UTC,-73.976352,40.756362,-73.981532,40.745877,1
2014-12-26 21:32:54.0000003,11.0,2014-12-26 21:32:54 UTC,-73.972136,40.750927,-73.960835,40.777774,1
2012-02-14 19:38:00.000000187,7.3,2012-02-14 19:38:00 UTC,-73.99853,40.760745,-73.979855,40.766172,1
2011-07-22 11:03:12.0000004,4.9,2011-07-22 11:03:12 UTC,-73.995321,40.744817,-74.005968,40.73606,1
2011-01-21 16:55:00.00000045,28.1,2011-01-21 16:55:00 UTC,-73.869952,40.772545,-73.986033,40.757655,1
2010-07-07 08:21:02.0000002,16.1,2010-07-07 08:21:02 UTC,-74.009268,40.715661,-73.983658,40.76514,1
2013-12-02 22:18:00.00000077,6.0,2013-12-02 22:18:00 UTC,-74.003218,40.738945,-74.00677,40.749598,5
2009-03-11 09:39:05.0000003,14.5,2009-03-11 09:39:05 UTC,-74.00717,40.704099,-73.971637,40.756549,1
2009-06-22 15:51:00.00000062,3.7,2009-06-22 15:51:00 UTC,-73.954492,40.774132,-73.960063,40.77579,1
2010-08-07 21:10:00.000000177,7.7,2010-08-07 21:10:00 UTC,0.0,0.0,0.0,0.0,3
2010-06-25 00:53:00.00000032,24.9,2010-06-25 00:53:00 UTC,-74.016255,40.714942,-73.927027,40.772703,1
2011-12-21 05:40:00.00000016,7.3,2011-12-21 05:40:00 UTC,-73.977192,40.779702,-73.988938,40.753325,1
2013-03-21 12:50:03.0000004,12.5,2013-03-21 12:50:03 UTC,0.0,0.0,0.0,0.0,1
2009-04-26 16:41:00.00000047,18.1,2009-04-26 16:41:00 UTC,-73.971787,40.797083,-73.996132,40.732482,5
2009-08-07 03:50:46.0000002,6.9,2009-08-07 03:50:46 UTC,-73.988599,40.718548,-73.949784,40.7096,1
2009-10-15 21:17:27.0000005,5.7,2009-10-15 21:17:27 UTC,-73.994031,40.749799,-73.987098,40.759431,3
2014-03-24 10:02:49.0000002,4.0,2014-03-24 10:02:49 UTC,0.0,0.0,0.0,0.0,1
2011-02-23 16:36:00.00000075,4.5,2011-02-23 16:36:00 UTC,-73.952745,40.780837,-73.952745,40.780837,2
2010-09-17 23:23:09.0000001,8.9,2010-09-17 23:23:09 UTC,-74.003965,40.72593,-74.003092,40.748113,2
2010-01-29 08:33:41.0000001,6.9,2010-01-29 08:33:41 UTC,-73.979657,40.739749,-73.993964,40.746399,1
2012-02-22 09:29:30.0000001,4.5,2012-02-22 09:29:30 UTC,-74.006824,40.743827,-74.008234,40.74873,1
2009-11-22 01:37:00.000000171,8.9,2009-11-22 01:37:00 UTC,-73.994473,40.680765,-73.956652,40.674253,1
2014-04-15 20:41:00.00000022,10.5,2014-04-15 20:41:00 UTC,-73.976765,40.75059,-73.99637,40.720347,1
2009-10-02 00:51:23.0000004,5.3,2009-10-02 00:51:23 UTC,-73.975772,40.745076,-73.98883,40.727017,1
2011-09-13 15:28:00.000000105,8.5,2011-09-13 15:28:00 UTC,-73.98347,40.76681,-73.999127,40.759742,1
2010-10-31 04:25:00.000000126,10.5,2010-10-31 04:25:00 UTC,-74.00406,40.742805,-73.965343,40.759732,6
2012-05-24 11:46:10.0000007,4.5,2012-05-24 11:46:10 UTC,-73.982265,40.731669,-73.981708,40.73823,1
2011-02-25 19:57:06.0000004,8.9,2011-02-25 19:57:06 UTC,-73.982298,40.748023,-73.953663,40.772828,1
2009-01-05 18:57:00.00000074,5.3,2009-01-05 18:57:00 UTC,-73.993538,40.751862,-73.983435,40.765915,1
2010-06-23 01:02:00.00000068,6.5,2010-06-23 01:02:00 UTC,-73.97502,40.777503,-73.95368,40.777082,5
2010-06-28 08:06:54.0000001,8.5,2010-06-28 08:06:54 UTC,-73.982149,40.774716,-73.974762,40.75581,1
2010-06-11 19:23:29.0000003,19.3,2010-06-11 19:23:29 UTC,-73.789211,40.641854,-73.84919,40.722377,1
2013-08-31 15:49:00.000000158,8.5,2013-08-31 15:49:00 UTC,-73.97755,40.760865,-73.971458,40.74449,1
2014-05-12 14:33:00.000000143,5.0,2014-05-12 14:33:00 UTC,-73.945467,40.774382,-73.955453,40.779472,2
2014-03-03 16:03:42.0000001,57.33,2014-03-03 16:03:42 UTC,-73.97912,40.74873,-73.783692,40.643743,3
2012-03-05 21:29:35.0000003,3.7,2012-03-05 21:29:35 UTC,-73.991414,40.750156,-73.99923,40.743908,1
2014-10-18 01:31:18.0000002,15.83,2014-10-18 01:31:18 UTC,-73.982661,40.73109,-73.958716,40.742249,2
2013-06-11 16:19:13.0000002,10.0,2013-06-11 16:19:13 UTC,-73.984216,40.744015,-73.970288,40.763287,2
2014-01-16 14:39:00.00000044,34.5,2014-01-16 14:39:00 UTC,-73.78932,40.643255,-73.78742,40.71093,1
2010-03-13 20:58:01.0000002,5.7,2010-03-13 20:58:01 UTC,-74.0082,40.746412,-74.008324,40.73559,1
2010-12-30 21:14:00.00000092,32.97,2010-12-30 21:14:00 UTC,-73.862752,40.768817,-73.912733,40.840398,1
2011-11-15 19:31:55.0000002,3.7,2011-11-15 19:31:55 UTC,-73.9835,40.7656,-73.9832,40.7718,1
2009-12-22 06:52:08.0000001,10.5,2009-12-22 06:52:08 UTC,-73.92995,40.767236,-73.94879,40.729607,1
2009-10-15 09:51:37.0000004,8.5,2009-10-15 09:51:37 UTC,-73.985632,40.775382,-73.991246,40.754581,1
2009-03-01 19:29:00.00000094,6.5,2009-03-01 19:29:00 UTC,-73.988807,40.774052,-73.984377,40.758642,1
2011-01-21 14:46:14.0000001,4.1,2011-01-21 14:46:14 UTC,-73.981692,40.773232,-73.97928,40.777636,1
2010-02-12 15:17:47.0000003,14.5,2010-02-12 15:17:47 UTC,-73.976025,40.757761,-73.985106,40.726747,1
2011-03-10 08:27:00.000000130,6.1,2011-03-10 08:27:00 UTC,-73.991755,40.756923,-73.972852,40.764282,2
2014-08-06 15:59:00.000000173,5.5,2014-08-06 15:59:00 UTC,-73.978298,40.764455,-73.973407,40.762887,1
2010-03-20 18:06:32.0000004,9.7,2010-03-20 18:06:32 UTC,-73.985423,40.752629,-74.010441,40.718355,1
2010-10-20 17:41:49.0000003,7.7,2010-10-20 17:41:49 UTC,-73.982714,40.771641,-73.959347,40.772727,2
2012-03-19 17:38:00.00000083,4.9,2012-03-19 17:38:00 UTC,0.0,0.0,0.0,0.0,1
2010-11-05 18:21:39.0000005,4.9,2010-11-05 18:21:39 UTC,-73.953214,40.783342,-73.954353,40.774093,2
2009-02-13 03:16:02.0000001,6.6,2009-02-13 03:16:02 UTC,-73.9969,40.72062,-73.990153,40.728968,2
2012-10-27 02:33:43.0000001,7.0,2012-10-27 02:33:43 UTC,-74.004318,40.752684,-73.993804,40.741411,3
2013-02-22 16:06:05.0000002,5.0,2013-02-22 16:06:05 UTC,-73.981788,40.78366,-73.982225,40.775253,1
2014-08-15 18:00:00.00000084,6.0,2014-08-15 18:00:00 UTC,-73.96173,40.7796,-73.9747,40.78318,1
2011-09-11 01:48:34.0000004,4.9,2011-09-11 01:48:34 UTC,-73.987977,40.66734,-73.979303,40.678123,2
2013-05-01 15:54:29.0000001,9.0,2013-05-01 15:54:29 UTC,-73.965066,40.75511,-73.952906,40.772027,1
2011-04-06 17:04:00.000000146,13.3,2011-04-06 17:04:00 UTC,-73.994295,40.752682,-73.95514,40.773412,2
2012-05-13 18:22:00.00000091,4.1,2012-05-13 18:22:00 UTC,-73.958175,40.781757,-73.951268,40.786037,1
2012-03-04 03:59:00.000000111,24.5,2012-03-04 03:59:00 UTC,-73.989803,40.729415,-73.91216,40.763355,3
2013-09-25 14:46:34.0000001,11.0,2013-09-25 14:46:34 UTC,-73.97674,40.78006,-73.954713,40.785817,1
2012-09-14 14:26:00.000000130,6.0,2012-09-14 14:26:00 UTC,-73.93012,40.761042,-73.990043,40.751807,2
2011-01-12 22:00:00.000000214,5.3,2011-01-12 22:00:00 UTC,-73.982403,40.768308,-73.98803,40.758218,2
2013-05-02 22:11:00.000000154,16.0,2013-05-02 22:11:00 UTC,-74.000453,40.761642,-73.939357,40.752372,1
2011-08-22 15:46:59.0000002,2.9,2011-08-22 15:46:59 UTC,-73.966791,40.761061,-73.965228,40.763358,1
2011-03-25 08:42:57.0000005,4.1,2011-03-25 08:42:57 UTC,-73.965578,40.790723,-73.97056,40.783725,2
2014-03-16 12:37:00.000000185,6.0,2014-03-16 12:37:00 UTC,-73.991085,40.727847,-73.996202,40.721085,1
2012-04-06 00:09:00.000000214,26.1,2012-04-06 00:09:00 UTC,-73.974762,40.787772,-73.876502,40.74659,5
2010-04-18 10:53:16.0000001,5.3,2010-04-18 10:53:16 UTC,-73.987732,40.724582,-74.002067,40.722783,1
2014-08-09 01:23:00.000000188,14.5,2014-08-09 01:23:00 UTC,-73.99187,40.725737,-73.953997,40.775457,5
2011-09-17 15:19:54.0000007,11.3,2011-09-17 15:19:54 UTC,-73.997338,40.723739,-73.966915,40.761187,1
2012-11-27 01:44:26.0000001,13.0,2012-11-27 01:44:26 UTC,-73.929871,40.756563,-73.926831,40.771063,1
2009-09-26 21:59:30.0000003,10.9,2009-09-26 21:59:30 UTC,-73.97253,40.74059,-73.972285,40.756051,1
2013-04-03 22:12:15.0000002,5.5,2013-04-03 22:12:15 UTC,-73.963713,40.802749,-73.949875,40.797158,1
2010-03-18 13:50:42.0000001,15.3,2010-03-18 13:50:42 UTC,-73.986097,40.746401,-73.961903,40.7098,2
2014-12-16 06:11:46.0000001,19.0,2014-12-16 06:11:46 UTC,-73.881828,40.756029,-73.959656,40.773572,1
2009-11-02 18:41:00.00000011,6.1,2009-11-02 18:41:00 UTC,-73.979055,40.74044,-73.994177,40.724785,1
2011-05-09 12:38:00.0000002,7.3,2011-05-09 12:38:00 UTC,-74.001578,40.735727,-74.003907,40.71355,4
2011-09-12 06:06:06.0000001,7.7,2011-09-12 06:06:06 UTC,-73.988353,40.774473,-73.978526,40.754638,1
2013-11-04 22:17:00.000000167,5.0,2013-11-04 22:17:00 UTC,-73.975947,40.751412,-73.985615,40.738662,1
2010-10-09 14:54:42.0000002,2.9,2010-10-09 14:54:42 UTC,-73.966187,40.761982,-73.963166,40.765604,3
2012-03-12 10:16:00.00000045,8.5,2012-03-12 10:16:00 UTC,-73.969688,40.76152,-73.989193,40.756393,1
2014-01-10 22:09:00.000000180,7.0,2014-01-10 22:09:00 UTC,-73.953808,40.785152,-73.948805,40.774065,1
2011-08-19 06:05:00.0000009,25.7,2011-08-19 06:05:00 UTC,-73.781888,40.644792,-73.86136,40.768115,1
2014-05-10 13:25:30.0000004,8.0,2014-05-10 13:25:30 UTC,0.0,0.0,-73.959457,40.773585,1
2012-10-08 11:15:00.00000012,12.0,2012-10-08 11:15:00 UTC,-73.996297,40.744357,-73.970092,40.762585,1
2009-09-17 00:15:00.000000141,4.5,2009-09-17 00:15:00 UTC,-73.97601,40.687042,-73.968433,40.679117,5
2014-02-28 10:29:00.00000016,7.5,2014-02-28 10:29:00 UTC,-73.984782,40.769622,-73.973985,40.762937,1
2012-02-14 20:19:00.0000006,8.1,2012-02-14 20:19:00 UTC,-73.971647,40.753695,-73.95273,40.780363,1
2009-08-23 19:00:27.0000003,4.9,2009-08-23 19:00:27 UTC,-73.97638,40.780989,-73.980431,40.770282,1
2011-03-29 08:29:08.0000001,18.5,2011-03-29 08:29:08 UTC,-74.014399,40.718022,-73.975254,40.75581,1
2009-03-12 12:07:00.00000062,4.9,2009-03-12 12:07:00 UTC,-73.955915,40.776003,-73.952003,40.7863,1
2010-06-06 21:21:31.0000002,4.1,2010-06-06 21:21:31 UTC,-73.954054,40.77896,-73.956294,40.785525,1
2012-12-05 12:43:00.00000024,8.5,2012-12-05 12:43:00 UTC,-73.962832,40.766502,-73.972693,40.764907,1
2009-05-10 10:43:28.0000001,9.7,2009-05-10 10:43:28 UTC,-74.014502,40.717999,-73.994816,40.75033,1
2009-08-16 09:33:05.0000001,18.1,2009-08-16 09:33:05 UTC,-73.948444,40.725038,-73.99188,40.763988,2
2014-12-05 11:40:51.0000006,13.0,2014-12-05 11:40:51 UTC,-73.998962,40.728178,-73.978652,40.750958,1
2012-03-07 00:55:51.0000001,13.7,2012-03-07 00:55:51 UTC,-73.987952,40.722565,-73.988172,40.686661,3
2013-07-03 17:22:39.0000002,8.5,2013-07-03 17:22:39 UTC,-73.945115,40.787403,-73.948267,40.774635,1
2011-10-03 07:28:48.0000004,6.9,2011-10-03 07:28:48 UTC,-73.896746,40.754489,-73.907127,40.777116,1
2010-02-02 17:35:25.0000002,6.1,2010-02-02 17:35:25 UTC,-73.9915,40.749882,-73.993456,40.758798,2
2009-07-02 21:53:00.000000138,8.5,2009-07-02 21:53:00 UTC,-73.972755,40.793432,-73.953068,40.775972,2
2010-07-10 01:58:43.0000002,7.3,2010-07-10 01:58:43 UTC,-73.98356,40.730406,-74.002938,40.730644,1
2012-05-29 11:45:14.0000001,15.3,2012-05-29 11:45:14 UTC,-73.977718,40.759533,-73.947954,40.770933,1
2012-12-29 05:43:00.0000009,6.5,2012-12-29 05:43:00 UTC,-73.960793,40.774937,-73.957765,40.77632,1
2009-02-01 15:00:00.000000151,6.9,2009-02-01 15:00:00 UTC,-73.98037,40.783488,-73.960173,40.779737,1
2009-06-12 02:25:00.00000041,3.3,2009-06-12 02:25:00 UTC,-73.987753,40.75831,-73.983635,40.758872,5
2012-06-12 09:58:00.000000176,7.3,2012-06-12 09:58:00 UTC,-73.963092,40.770812,-73.96987,40.76258,2
2014-10-21 12:24:47.0000003,11.0,2014-10-21 12:24:47 UTC,-73.960376,40.766183,-73.988246,40.772429,2
2013-11-05 10:33:01.0000005,42.5,2013-11-05 10:33:01 UTC,-73.917017,40.743278,-73.783008,40.64888,1
2013-11-04 20:20:04.0000001,5.5,2013-11-04 20:20:04 UTC,-73.995645,40.738976,-73.992445,40.749192,2
2014-04-06 21:20:45.0000002,21.5,2014-04-06 21:20:45 UTC,-74.008754,40.71383,-73.978356,40.788162,1
2012-02-02 12:02:00.00000081,7.3,2012-02-02 12:02:00 UTC,-73.983238,40.767812,-73.959992,40.770577,1
2011-11-23 05:22:39.0000001,9.3,2011-11-23 05:22:39 UTC,-73.98718,40.729157,-73.976713,40.764271,1
2010-05-27 01:33:00.00000057,9.7,2010-05-27 01:33:00 UTC,-73.987482,40.76091,-73.959887,40.798613,1
2013-03-01 12:04:00.000000195,10.5,2013-03-01 12:04:00 UTC,-73.991018,40.749667,-73.978028,40.759055,1
2011-07-12 18:38:00.000000247,3.3,2011-07-12 18:38:00 UTC,-73.985228,40.74865,-73.990848,40.750683,1
2009-09-11 18:01:29.0000001,7.3,2009-09-11 18:01:29 UTC,-73.972884,40.76463,-73.978583,40.752769,1
2012-07-16 14:52:21.0000001,6.5,2012-07-16 14:52:21 UTC,-73.971329,40.760512,-73.961336,40.775984,1
2012-05-11 21:29:26.0000003,17.3,2012-05-11 21:29:26 UTC,-74.006842,40.716068,-73.981587,40.753722,1
2011-01-09 16:49:00.0000002,7.3,2011-01-09 16:49:00 UTC,-74.000765,40.723038,-73.997983,40.74418,1
2009-07-28 21:24:00.000000137,4.5,2009-07-28 21:24:00 UTC,-73.981297,40.75908,-73.991473,40.750047,1
2009-04-03 16:12:00.00000044,4.1,2009-04-03 16:12:00 UTC,-73.984758,40.745462,-73.978942,40.753353,2
2009-07-08 17:22:00.00000049,5.7,2009-07-08 17:22:00 UTC,0.0,0.0,0.0,0.0,2
2013-03-04 17:13:00.000000182,7.0,2013-03-04 17:13:00 UTC,-73.961178,40.757667,-73.96566,40.76566,1
2011-04-23 21:48:00.000000128,6.5,2011-04-23 21:48:00 UTC,-73.961967,40.765255,-73.981697,40.769263,5
2014-04-12 11:09:00.000000156,6.5,2014-04-12 11:09:00 UTC,-73.941775,40.754592,-73.931045,40.769472,1
2009-09-16 01:35:00.00000028,15.3,2009-09-16 01:35:00 UTC,-74.000713,40.732037,-73.93906,40.797602,5
2009-07-21 06:40:16.0000003,10.5,2009-07-21 06:40:16 UTC,-73.980696,40.734206,-74.011397,40.702595,1
2013-11-24 02:45:00.000000125,9.5,2013-11-24 02:45:00 UTC,-74.00998,40.735227,-73.985427,40.726112,2
2011-11-04 22:13:25.0000001,7.3,2011-11-04 22:13:25 UTC,-73.975379,40.757802,-73.991486,40.749978,1
2013-04-08 19:08:00.00000087,3.5,2013-04-08 19:08:00 UTC,0.0,0.0,0.0,0.0,3
2014-10-24 11:14:37.0000001,10.0,2014-10-24 11:14:37 UTC,-73.958383,40.76465,-73.978088,40.778035,1
2012-11-05 12:31:00.00000035,8.5,2012-11-05 12:31:00 UTC,-74.000947,40.762057,-73.98046,40.75525,2
2012-12-07 13:43:57.0000005,12.5,2012-12-07 13:43:57 UTC,-73.948186,40.778423,-73.972829,40.752567,1
2011-06-29 21:59:00.000000109,8.9,2011-06-29 21:59:00 UTC,-74.006051,40.74123,-73.98117,40.769089,1
2012-03-30 05:00:33.0000001,49.8,2012-03-30 05:00:33 UTC,-73.981374,40.744186,-73.790809,40.66307,1
2009-02-02 19:06:00.000000153,6.1,2009-02-02 19:06:00 UTC,-73.963997,40.77361,-73.980097,40.76555,1
2009-11-18 09:28:13.0000003,5.3,2009-11-18 09:28:13 UTC,-73.978619,40.763614,-73.961096,40.770272,1
2012-10-07 23:02:50.0000001,13.0,2012-10-07 23:02:50 UTC,-73.977901,40.756599,-73.984184,40.718833,1
2013-02-08 02:50:00.00000065,15.0,2013-02-08 02:50:00 UTC,-74.006357,40.739303,-73.967323,40.79818,1
2011-08-25 22:49:26.0000001,11.7,2011-08-25 22:49:26 UTC,-73.9654,40.7602,-73.8973,40.7462,1
2010-01-30 16:04:00.000000203,19.3,2010-01-30 16:04:00 UTC,-73.971328,40.795265,-73.992958,40.72604,2
2011-03-16 13:13:00.000000170,26.5,2011-03-16 13:13:00 UTC,-73.991213,40.770548,-73.999183,40.675593,1
2013-02-22 07:59:00.00000082,12.5,2013-02-22 07:59:00 UTC,-74.000245,40.720755,-73.983563,40.732877,5
2009-03-01 13:16:00.000000108,5.3,2009-03-01 13:16:00 UTC,-74.007505,40.726668,-74.000655,40.742308,5
2012-04-06 19:28:00.000000118,5.7,2012-04-06 19:28:00 UTC,-73.991332,40.759982,-74.00345,40.743555,1
2012-11-06 18:40:00.000000137,10.0,2012-11-06 18:40:00 UTC,-73.990435,40.73718,-73.984947,40.744505,2
2010-08-09 22:27:00.00000068,9.3,2010-08-09 22:27:00 UTC,-73.981145,40.750382,-73.974048,40.784097,3
2014-01-29 19:32:13.0000006,13.0,2014-01-29 19:32:13 UTC,-73.990619,40.775396,-73.956141,40.781962,1
2013-02-21 16:24:00.00000052,7.5,2013-02-21 16:24:00 UTC,0.0,0.0,0.0,0.0,1
2010-12-09 17:09:00.00000014,4.9,2010-12-09 17:09:00 UTC,-73.967115,40.766567,-73.963758,40.774058,1
2013-04-16 23:01:00.00000089,12.0,2013-04-16 23:01:00 UTC,-73.964785,40.759892,-73.964785,40.759892,1
2013-02-01 18:38:59.0000003,8.0,2013-02-01 18:38:59 UTC,-74.004873,40.746913,-73.983044,40.76773,1
2014-04-21 19:41:07.0000001,4.0,2014-04-21 19:41:07 UTC,-73.944877,40.717494,-73.9413,40.723224,1
2010-07-29 13:02:27.0000003,5.3,2010-07-29 13:02:27 UTC,-73.97024,40.763115,-73.963109,40.768137,1
2009-08-15 00:53:00.00000075,4.1,2009-08-15 00:53:00 UTC,-73.988228,40.748698,-73.981168,40.75322,1
2014-05-07 23:25:04.0000002,17.5,2014-05-07 23:25:04 UTC,0.0,0.0,0.0,0.0,1
2009-05-03 01:45:09.0000002,7.3,2009-05-03 01:45:09 UTC,-73.99444,40.714326,-73.983242,40.721211,1
2013-10-23 06:09:00.00000020,9.5,2013-10-23 06:09:00 UTC,-73.969482,40.754182,-73.97328,40.75611,1
2011-06-29 10:20:00.000000149,15.3,2011-06-29 10:20:00 UTC,-73.975152,40.754822,-74.012597,40.701622,5
2011-08-18 09:32:26.0000001,6.5,2011-08-18 09:32:26 UTC,-74.006753,40.744058,-73.992673,40.748548,1
2013-03-28 20:41:46.0000001,8.5,2013-03-28 20:41:46 UTC,-74.003983,40.74756,-74.007577,40.725775,3
2012-01-17 11:26:00.00000086,5.3,2012-01-17 11:26:00 UTC,-73.988837,40.741903,-73.995888,40.748312,1
2014-04-26 11:58:44.0000004,9.0,2014-04-26 11:58:44 UTC,-73.985311,40.759624,-73.983897,40.749708,1
2014-06-21 23:59:17.0000002,4.5,2014-06-21 23:59:17 UTC,-73.978136,40.741738,-73.985263,40.731842,1
2011-05-16 02:06:39.0000001,7.7,2011-05-16 02:06:39 UTC,-73.958685,40.764305,-73.973773,40.750807,1
2011-08-18 17:48:07.0000001,10.1,2011-08-18 17:48:07 UTC,-73.9801,40.7393,-73.9704,40.7665,0
2014-02-11 21:57:00.00000094,6.0,2014-02-11 21:57:00 UTC,-74.002507,40.726632,-74.008975,40.713725,1
2011-03-03 11:29:13.0000003,23.3,2011-03-03 11:29:13 UTC,-74.002108,40.709043,-73.987692,40.611316,2
2010-07-09 08:53:57.0000003,7.3,2010-07-09 08:53:57 UTC,-73.990824,40.754101,-73.975489,40.755448,1
2010-07-14 10:48:00.00000092,9.3,2010-07-14 10:48:00 UTC,-73.988845,40.688505,-73.998405,40.721118,1
2012-03-15 23:07:34.0000003,4.9,2012-03-15 23:07:34 UTC,-73.976674,40.785479,-73.975487,40.795325,1
2009-07-16 04:05:55.0000002,4.9,2009-07-16 04:05:55 UTC,-73.96821,40.754921,-73.980752,40.738294,1
2011-01-08 20:11:00.000000229,4.9,2011-01-08 20:11:00 UTC,-73.980178,40.756502,-73.970763,40.762327,1
2013-06-06 00:01:08.0000002,7.0,2013-06-06 00:01:08 UTC,-73.983753,40.755027,-73.998564,40.760723,1
2013-05-03 00:28:00.000000175,7.0,2013-05-03 00:28:00 UTC,-74.005747,40.740195,-73.989472,40.740702,1
2009-10-15 22:35:00.000000176,9.3,2009-10-15 22:35:00 UTC,-73.975142,40.78274,-73.991088,40.76042,1
2009-01-08 16:51:22.0000002,9.9,2009-01-08 16:51:22 UTC,-73.95848,40.713317,-73.996649,40.715121,1
2013-01-16 19:45:00.000000242,18.5,2013-01-16 19:45:00 UTC,-73.983072,40.74483,-73.966667,40.693205,1
2013-01-16 18:57:00.000000236,25.0,2013-01-16 18:57:00 UTC,-73.987995,40.743657,-73.97641,40.67308,1
2011-09-27 10:43:27.0000005,8.9,2011-09-27 10:43:27 UTC,-73.992015,40.764098,-73.968027,40.797398,1
2013-11-25 23:58:00.00000027,4.0,2013-11-25 23:58:00 UTC,-73.957312,40.770517,-73.963512,40.762515,1
2010-07-28 08:59:00.000000144,3.7,2010-07-28 08:59:00 UTC,-74.006217,40.723392,-74.008862,40.717735,1
2012-06-19 18:22:00.000000190,6.1,2012-06-19 18:22:00 UTC,-73.878368,40.839617,-73.880578,40.839657,1
2012-10-07 10:58:00.00000030,6.5,2012-10-07 10:58:00 UTC,-73.974995,40.741772,-73.961392,40.760297,5
2012-06-09 20:11:00.000000126,11.7,2012-06-09 20:11:00 UTC,-73.996058,40.732057,-74.004057,40.707328,1
2009-03-20 23:48:00.000000106,3.7,2009-03-20 23:48:00 UTC,-73.980393,40.682978,-73.988777,40.69288,4
2013-07-08 17:41:00.00000096,3.0,2013-07-08 17:41:00 UTC,-73.789697,40.64368,-73.78917,40.642515,1
2011-06-28 19:03:00.00000026,5.3,2011-06-28 19:03:00 UTC,-73.973878,40.754768,-73.987072,40.74063,3
2011-03-16 13:37:19.0000001,7.7,2011-03-16 13:37:19 UTC,-73.98428,40.729037,-73.970234,40.756317,1
2012-07-17 08:03:05.0000007,12.1,2012-07-17 08:03:05 UTC,-73.990409,40.756786,-73.950454,40.792477,1
2009-07-14 06:33:00.00000064,3.7,2009-07-14 06:33:00 UTC,-73.989257,40.762042,-73.982463,40.762598,1
2013-11-28 22:04:00.00000047,26.0,2013-11-28 22:04:00 UTC,-73.97582,40.689725,-73.974942,40.765192,2
2011-08-07 13:47:28.0000004,4.1,2011-08-07 13:47:28 UTC,-74.009466,40.715171,-74.015632,40.711481,2
2010-06-12 00:48:00.000000149,4.9,2010-06-12 00:48:00 UTC,-73.983238,40.731912,-73.98661,40.741912,3
2014-03-17 22:35:44.0000007,12.0,2014-03-17 22:35:44 UTC,-73.987396,40.765785,-74.004214,40.721907,2
2012-03-06 09:57:00.00000072,8.1,2012-03-06 09:57:00 UTC,-73.999042,40.760628,-73.98339,40.767957,1
2011-04-08 12:46:37.0000003,3.3,2011-04-08 12:46:37 UTC,-73.976659275008,40.759114327479,-73.981799719289,40.752190188064,1
2013-10-07 07:06:00.000000167,57.33,2013-10-07 07:06:00 UTC,-73.789957,40.646735,-73.97522,40.765205,1
2009-11-26 10:37:42.0000003,9.3,2009-11-26 10:37:42 UTC,-73.954342,40.800558,-73.955484,40.772758,1
2013-01-15 09:16:26.0000002,6.0,2013-01-15 09:16:26 UTC,-73.974868,40.752529,-73.982231,40.743334,1
2009-05-01 22:12:52.0000002,6.9,2009-05-01 22:12:52 UTC,-73.970918,40.758389,-73.979008,40.737088,1
2011-12-02 08:12:07.0000001,6.5,2011-12-02 08:12:07 UTC,-73.987475,40.73294,-73.998356,40.718387,1
2012-02-01 15:12:00.000000194,6.5,2012-02-01 15:12:00 UTC,-73.965465,40.765912,-73.980267,40.773948,1
2010-10-29 16:44:49.0000001,4.9,2010-10-29 16:44:49 UTC,-73.982194,40.769951,-73.979124,40.761649,4
2013-02-21 21:09:00.000000155,6.5,2013-02-21 21:09:00 UTC,-74.002072,40.729565,-73.991967,40.730467,6
2009-01-03 12:02:00.000000175,6.5,2009-01-03 12:02:00 UTC,-73.966333,40.770683,-73.97604,40.781437,6
2013-03-16 14:00:00.000000230,5.0,2013-03-16 14:00:00 UTC,-74.000405,40.75847,-74.005323,40.751082,1
2009-11-06 09:45:07.0000004,6.1,2009-11-06 09:45:07 UTC,-73.992389,40.766684,-73.992412,40.750289,2
2011-04-24 14:42:00.00000076,6.9,2011-04-24 14:42:00 UTC,-73.961048,40.80701,-73.974893,40.782873,1
2009-07-24 20:32:00.000000167,8.1,2009-07-24 20:32:00 UTC,-73.9616,40.774407,-73.979127,40.749622,1
2012-06-12 12:16:34.0000002,8.5,2012-06-12 12:16:34 UTC,-73.971315,40.754952,-73.971122,40.764373,1
2013-08-14 22:32:00.000000144,34.5,2013-08-14 22:32:00 UTC,-73.87089,40.773712,-73.996415,40.7371,5
2013-07-06 13:15:00.000000105,18.5,2013-07-06 13:15:00 UTC,-73.99471,40.750402,-73.946418,40.783122,1
2009-05-14 03:20:00.00000035,13.3,2009-05-14 03:20:00 UTC,-74.001103,40.760228,-73.991312,40.755135,5
2009-02-02 19:25:16.0000004,12.3,2009-02-02 19:25:16 UTC,-73.988537,40.698458,-73.988537,40.698458,1
2011-02-16 19:09:04.0000004,7.3,2011-02-16 19:09:04 UTC,-73.960051,40.7602,-73.954496,40.784061,1
2012-08-22 00:34:58.0000001,49.8,2012-08-22 00:34:58 UTC,-73.992852,40.756443,-73.992813,40.756496,1
2013-04-15 10:17:00.00000040,5.0,2013-04-15 10:17:00 UTC,-74.006215,40.733907,-73.99837,40.74562,1
2010-08-26 00:03:10.0000002,12.1,2010-08-26 00:03:10 UTC,-73.973148,40.693282,-73.999154,40.728666,1
2013-08-24 10:37:00.000000112,4.5,2013-08-24 10:37:00 UTC,-73.969897,40.759952,-73.974675,40.752692,1
2009-07-14 21:22:00.000000103,5.3,2009-07-14 21:22:00 UTC,-73.961743,40.780688,-73.95014,40.776,5
2013-02-21 17:41:17.0000006,11.5,2013-02-21 17:41:17 UTC,-73.995384,40.739137,-73.98281,40.763008,1
2009-04-25 00:09:00.00000084,7.7,2009-04-25 00:09:00 UTC,-74.00144,40.729805,-73.991908,40.721948,2
2013-02-07 03:16:00.0000003,6.5,2013-02-07 03:16:00 UTC,-74.00098,40.729437,-73.987437,40.7218,6
2013-03-18 03:08:00.00000023,8.5,2013-03-18 03:08:00 UTC,-73.982773,40.762845,-73.9754,40.745427,3
2014-11-09 01:50:00.00000082,12.5,2014-11-09 01:50:00 UTC,-73.985075,40.72394,-74.01511,40.704912,1
2010-05-26 03:25:13.0000001,9.7,2010-05-26 03:25:13 UTC,-74.003694,40.740316,-73.983359,40.725993,1
2013-07-03 20:55:53.0000001,8.0,2013-07-03 20:55:53 UTC,-73.986975,40.739488,-73.97679,40.726874,2
2009-12-03 07:38:00.000000113,14.9,2009-12-03 07:38:00 UTC,-73.929983,40.860452,-73.926772,40.813423,1
2009-07-18 23:20:00.000000183,11.3,2009-07-18 23:20:00 UTC,-73.984738,40.746455,-73.946297,40.777623,3
2014-08-03 17:48:02.0000001,9.5,2014-08-03 17:48:02 UTC,-73.978178,40.762319,-73.988283,40.758169,2
2014-01-19 19:39:53.0000003,11.5,2014-01-19 19:39:53 UTC,-74.001466,40.735747,-73.974037,40.750618,3
2011-07-12 16:25:00.000000112,7.3,2011-07-12 16:25:00 UTC,-74.002078,40.724083,-73.990697,40.733862,1
2011-08-12 23:40:54.0000001,11.3,2011-08-12 23:40:54 UTC,-73.996251,40.75212,-73.992692,40.72141,1
2011-05-13 23:50:55.0000001,6.9,2011-05-13 23:50:55 UTC,-73.988935,40.763693,-74.002776,40.749839,3
2012-12-16 22:30:00.00000011,17.5,2012-12-16 22:30:00 UTC,-73.99744,40.741727,-73.94967,40.744817,1
2013-05-19 13:28:00.00000017,9.0,2013-05-19 13:28:00 UTC,-73.967242,40.761135,-73.962537,40.778982,2
2012-11-14 14:44:54.0000002,10.5,2012-11-14 14:44:54 UTC,-73.989324,40.760304,-73.979184,40.783413,1
2010-10-28 22:26:55.0000002,4.5,2010-10-28 22:26:55 UTC,-73.944094,40.776025,-73.942821,40.785778,1
2009-06-20 13:21:00.000000177,5.3,2009-06-20 13:21:00 UTC,-73.986582,40.734105,-73.983023,40.747472,3
2009-12-03 10:53:00.000000188,8.9,2009-12-03 10:53:00 UTC,-73.954772,40.763908,-73.970905,40.764477,1
2011-08-18 00:18:53.0000003,10.9,2011-08-18 00:18:53 UTC,-74.001278,40.727731,-73.969816,40.754549,4
2009-05-02 17:13:00.000000161,7.7,2009-05-02 17:13:00 UTC,-73.977657,40.787077,-73.974292,40.764837,1
2009-06-24 19:22:00.000000192,10.9,2009-06-24 19:22:00 UTC,-74.005822,40.748537,-74.001487,40.721057,1
2009-02-20 19:47:25.0000001,10.7,2009-02-20 19:47:25 UTC,-73.981237,40.744497,-74.002284,40.719585,1
2012-01-04 07:18:34.0000003,14.5,2012-01-04 07:18:34 UTC,-74.006742,40.707946,-73.973761,40.757485,1
2013-05-06 09:44:00.000000113,18.5,2013-05-06 09:44:00 UTC,-74.007592,40.740797,-73.994972,40.769892,3
2014-02-12 18:26:00.000000148,11.0,2014-02-12 18:26:00 UTC,-73.978058,40.751045,-73.977412,40.762832,1
2011-11-11 17:26:20.0000003,13.7,2011-11-11 17:26:20 UTC,-73.956564,40.771364,-73.989485,40.726267,1
2009-11-28 19:23:57.0000004,12.5,2009-11-28 19:23:57 UTC,-73.976482,40.759042,-73.993321,40.719867,3
2012-07-28 15:30:00.00000057,9.7,2012-07-28 15:30:00 UTC,-73.988465,40.764327,-73.98409,40.740167,5
2014-07-28 03:39:47.0000001,2.5,2014-07-28 03:39:47 UTC,-73.88075,40.748107,-73.881394,40.749237,1
2012-10-02 19:43:23.0000001,5.0,2012-10-02 19:43:23 UTC,-73.982811,40.777118,-73.97986,40.786369,1
2013-02-07 08:41:00.000000185,18.0,2013-02-07 08:41:00 UTC,-73.984217,40.770132,-73.986345,40.740327,1
2010-10-06 07:49:00.000000160,14.9,2010-10-06 07:49:00 UTC,-73.92535,40.767958,-73.957452,40.761718,3
2012-03-21 18:45:00.000000138,6.5,2012-03-21 18:45:00 UTC,-73.99148,40.75946,-73.997282,40.755537,1
2013-06-01 13:13:00.000000138,52.0,2013-06-01 13:13:00 UTC,-73.783557,40.648595,-73.996698,40.715172,6
2011-09-30 10:18:55.0000002,32.9,2011-09-30 10:18:55 UTC,-74.005529,40.709082,-73.979861,40.593416,1
2009-05-20 18:41:00.000000235,8.9,2009-05-20 18:41:00 UTC,-73.999315,40.725008,-73.99262,40.753297,5
2010-04-04 17:55:00.0000009,8.5,2010-04-04 17:55:00 UTC,-73.996728,40.725762,-73.985827,40.752125,1
2014-10-10 18:54:19.0000004,16.5,2014-10-10 18:54:19 UTC,-74.00336,40.727061,-73.959968,40.762168,1
2011-03-18 08:40:00.00000056,13.3,2011-03-18 08:40:00 UTC,-73.948242,40.773917,-73.985887,40.74118,1
2010-10-08 07:59:42.0000005,13.3,2010-10-08 07:59:42 UTC,-74.002485,40.708708,-73.970346,40.758101,1
2012-06-16 10:15:00.000000119,14.5,2012-06-16 10:15:00 UTC,-73.949548,40.7808,-73.988732,40.753277,1
2012-09-08 17:59:00.000000131,37.7,2012-09-08 17:59:00 UTC,0.0,0.0,0.0,0.0,2
2012-01-14 10:34:28.0000001,4.9,2012-01-14 10:34:28 UTC,-73.991148,40.742196,-74.000515,40.747858,1
2011-05-15 03:41:48.0000001,6.1,2011-05-15 03:41:48 UTC,-73.971581,40.762882,-73.988424,40.76912,1
2011-10-14 14:33:00.00000032,27.3,2011-10-14 14:33:00 UTC,-73.9582,40.810717,-73.861967,40.767752,5
2013-02-14 11:48:00.000000224,8.5,2013-02-14 11:48:00 UTC,-73.977535,40.763185,-73.981497,40.752612,1
2010-11-11 00:53:39.0000005,6.5,2010-11-11 00:53:39 UTC,-73.979232,40.762545,-73.981546,40.78092,1
2009-03-31 15:05:56.0000004,9.7,2009-03-31 15:05:56 UTC,-73.994791,40.740068,-73.977739,40.755115,1
2014-01-24 00:22:29.0000002,8.0,2014-01-24 00:22:29 UTC,0.0,0.0,0.0,0.0,1
2012-06-15 03:46:00.00000042,4.1,2012-06-15 03:46:00 UTC,-74.002832,40.733878,-74.000715,40.742322,5
2014-05-28 00:35:00.00000049,30.0,2014-05-28 00:35:00 UTC,-73.987737,40.728465,-73.959017,40.813547,1
2011-05-14 00:33:00.000000175,12.9,2011-05-14 00:33:00 UTC,-73.981633,40.724667,-74.006642,40.710002,1
2013-03-08 10:20:00.00000040,57.33,2013-03-08 10:20:00 UTC,-73.98812,40.723182,-73.98812,40.723182,2
2012-06-08 21:09:00.000000159,5.3,2012-06-08 21:09:00 UTC,-73.972578,40.796212,-73.981892,40.783148,2
2011-09-26 20:35:00.00000071,8.5,2011-09-26 20:35:00 UTC,-73.991802,40.749848,-73.979877,40.772702,1
2013-02-19 13:15:00.000000101,8.5,2013-02-19 13:15:00 UTC,-73.947787,40.790005,-73.946975,40.776025,2
2014-03-12 15:26:00.00000037,13.5,2014-03-12 15:26:00 UTC,-73.998752,40.717517,-73.98194,40.757692,5
2011-04-18 18:37:00.00000057,24.1,2011-04-18 18:37:00 UTC,-73.98182,40.767943,-73.918997,40.871892,1
2012-10-16 13:25:13.0000002,5.5,2012-10-16 13:25:13 UTC,-73.96695,40.752391,-73.963944,40.763959,1
2013-06-23 00:42:05.0000002,18.5,2013-06-23 00:42:05 UTC,0.0,0.0,0.0,0.0,1
2010-07-19 08:06:51.0000001,12.1,2010-07-19 08:06:51 UTC,-73.978835,40.740646,-74.007781,40.703094,1
2012-07-13 06:51:00.00000048,4.5,2012-07-13 06:51:00 UTC,-74.016087,40.715492,-74.008267,40.714055,2
2014-07-08 11:42:00.000000169,10.5,2014-07-08 11:42:00 UTC,-73.981487,40.725177,-73.977138,40.738712,2
2010-02-05 18:10:48.0000003,5.7,2010-02-05 18:10:48 UTC,-73.977996,40.763852,-73.962147,40.77359,1
2010-12-23 00:22:13.0000003,16.9,2010-12-23 00:22:13 UTC,-73.98551,40.758168,-73.918404,40.745639,1
2014-10-15 19:47:30.0000003,11.0,2014-10-15 19:47:30 UTC,-73.963959,40.770269,-73.961976,40.765513,1
2013-07-05 08:38:00.00000047,21.0,2013-07-05 08:38:00 UTC,-73.975408,40.749442,-74.010075,40.72141,1
2013-07-17 22:37:00.00000064,12.5,2013-07-17 22:37:00 UTC,-73.995092,40.751705,-74.010092,40.71375,2
2012-09-09 13:28:34.0000001,19.0,2012-09-09 13:28:34 UTC,-74.004875,40.75182,-74.011766,40.707379,2
2012-03-27 20:48:00.000000238,6.1,2012-03-27 20:48:00 UTC,-73.982867,40.756595,-73.970435,40.75588,1
2011-05-02 08:14:10.0000003,10.9,2011-05-02 08:14:10 UTC,-73.990909,40.766169,-73.954337,40.773115,1
2012-06-03 11:46:00.000000102,13.3,2012-06-03 11:46:00 UTC,-73.996913,40.742477,-74.008505,40.708295,1
2011-06-23 20:23:53.0000003,14.1,2011-06-23 20:23:53 UTC,-73.993985,40.727028,-73.967231,40.673746,1
2012-12-04 11:32:37.0000001,14.0,2012-12-04 11:32:37 UTC,-73.977865,40.757332,-73.936352,40.755128,1
2009-09-19 12:33:00.00000058,6.5,2009-09-19 12:33:00 UTC,-73.982275,40.762867,-73.99392,40.746515,1
2010-01-16 18:39:00.000000112,4.9,2010-01-16 18:39:00 UTC,-73.984578,40.759432,-73.990983,40.750608,1
2011-03-06 21:12:36.0000003,4.5,2011-03-06 21:12:36 UTC,-73.998266,40.74523,-74.004096,40.752631,1
2014-08-29 02:03:00.00000016,4.0,2014-08-29 02:03:00 UTC,-74.006225,40.739657,-74.007552,40.742777,4
2013-03-29 03:35:00.00000051,4.0,2013-03-29 03:35:00 UTC,-73.984155,40.725142,-73.986645,40.72157,5
2010-10-27 21:44:00.000000189,3.7,2010-10-27 21:44:00 UTC,-73.977767,40.75897,-73.977903,40.75337,1
2014-12-30 22:17:25.0000003,5.0,2014-12-30 22:17:25 UTC,-73.966383,40.764714,-73.960775,40.773261,1
2014-07-31 09:42:00.00000073,15.0,2014-07-31 09:42:00 UTC,-73.967682,40.771582,-73.992528,40.737527,6
2010-06-15 12:12:00.00000078,4.9,2010-06-15 12:12:00 UTC,-73.990112,40.743587,-73.989997,40.74607,1
2014-06-05 06:03:36.0000002,11.5,2014-06-05 06:03:36 UTC,-73.981605,40.73269,-73.963772,40.773677,1
2012-03-06 19:28:00.000000258,8.1,2012-03-06 19:28:00 UTC,-73.972675,40.749497,-73.96096,40.77414,1
2013-06-15 19:31:37.0000001,14.5,2013-06-15 19:31:37 UTC,-73.968684,40.761701,-73.954231,40.806105,1
2013-04-13 05:35:38.0000003,16.5,2013-04-13 05:35:38 UTC,-73.906981,40.753369,-73.95254,40.772506,1
2011-12-27 21:37:00.00000060,5.3,2011-12-27 21:37:00 UTC,-73.984097,40.738455,-73.992402,40.730517,5
2011-07-17 17:19:12.0000005,9.7,2011-07-17 17:19:12 UTC,-73.98206,40.77892,-73.959019,40.813395,2
2013-10-17 07:47:05.0000002,9.0,2013-10-17 07:47:05 UTC,-73.966107,40.758778,-73.984108,40.762251,1
2013-10-03 14:36:49.0000002,6.5,2013-10-03 14:36:49 UTC,-73.955741,40.76494,-73.959461,40.773424,1
2013-03-03 16:27:16.0000004,19.5,2013-03-03 16:27:16 UTC,-73.977858,40.684768,-74.008211,40.721687,4
2012-03-09 05:46:00.0000003,6.9,2012-03-09 05:46:00 UTC,-73.990067,40.75618,-73.990063,40.737948,1
2013-02-24 20:51:00.000000107,14.5,2013-02-24 20:51:00 UTC,-73.941237,40.839405,-73.959382,40.799502,2
2011-12-16 19:01:00.000000121,13.3,2011-12-16 19:01:00 UTC,-73.972935,40.764472,-74.00245,40.750222,1
2010-11-19 15:32:35.0000005,12.5,2010-11-19 15:32:35 UTC,-73.988893,40.736718,-73.981861,40.773433,2
2011-10-16 19:29:00.000000180,12.1,2011-10-16 19:29:00 UTC,-73.972395,40.759167,-73.992615,40.72425,1
2014-03-17 14:33:35.0000001,9.0,2014-03-17 14:33:35 UTC,-73.992021,40.749404,-73.981649,40.732719,1
2014-09-28 11:20:00.00000052,7.0,2014-09-28 11:20:00 UTC,-73.994702,40.722922,-73.985422,40.738852,1
2014-05-20 05:54:33.0000001,10.5,2014-05-20 05:54:33 UTC,-73.999145,40.728096,-73.971992,40.757869,1
2013-05-16 20:10:20.0000002,7.5,2013-05-16 20:10:20 UTC,-73.989899,40.746861,-73.982911,40.75818,1
2011-02-02 09:10:42.0000001,6.5,2011-02-02 09:10:42 UTC,-73.965322,40.758498,-73.968848,40.750261,2
2013-09-21 12:03:23.0000001,26.0,2013-09-21 12:03:23 UTC,-73.991875,40.749944,-73.962056,40.780806,1
2009-03-01 17:13:00.00000061,27.3,2009-03-01 17:13:00 UTC,-73.87077,40.773635,-73.974683,40.675853,2
2010-08-17 07:03:49.0000001,5.3,2010-08-17 07:03:49 UTC,-73.993509,40.735932,-73.991272,40.748996,1
2010-01-24 22:29:00.00000087,6.5,2010-01-24 22:29:00 UTC,-73.985898,40.76036,-73.961342,40.772763,2
2014-03-17 22:45:07.0000002,10.5,2014-03-17 22:45:07 UTC,-73.975908,40.760478,-74.004932,40.74653,1
2010-07-13 06:45:41.0000002,5.7,2010-07-13 06:45:41 UTC,-73.987294,40.732508,-73.975928,40.752002,1
2014-09-16 18:19:00.00000019,14.0,2014-09-16 18:19:00 UTC,-73.96133,40.76446,-73.97773,40.76378,3
2013-06-15 04:12:28.0000002,27.0,2013-06-15 04:12:28 UTC,-73.956541,40.719022,-73.941346,40.791798,1
2009-07-16 20:30:29.0000003,12.9,2009-07-16 20:30:29 UTC,-74.000111,40.728716,-73.992358,40.769903,1
2014-12-17 23:15:00.00000069,3.0,2014-12-17 23:15:00 UTC,-73.98238,40.771372,-73.98227,40.769377,3
2013-06-21 12:43:00.0000008,4.0,2013-06-21 12:43:00 UTC,-73.9667,40.764352,-73.970585,40.759182,1
2013-03-23 13:05:00.000000104,27.5,2013-03-23 13:05:00 UTC,-73.977477,40.751767,-73.9726,40.68679,1
2009-09-07 14:18:00.00000097,3.7,2009-09-07 14:18:00 UTC,-73.993317,40.75207,-73.987337,40.760485,1
2012-03-11 01:57:00.00000012,4.5,2012-03-11 01:57:00 UTC,-73.981847,40.755672,-73.981972,40.759642,1
2009-03-31 17:13:00.00000054,17.3,2009-03-31 17:13:00 UTC,-73.996467,40.737868,-73.977417,40.67603,1
2011-11-24 18:33:03.0000002,6.1,2011-11-24 18:33:03 UTC,-73.965298,40.792025,-73.967753,40.803816,2
2009-07-25 02:54:06.0000001,6.9,2009-07-25 02:54:06 UTC,-73.96672,40.756532,-73.988166,40.749979,1
2013-06-01 08:57:44.0000002,13.0,2013-06-01 08:57:44 UTC,-73.982539,40.775159,-73.959178,40.771617,1
2013-10-29 17:03:00.000000118,20.5,2013-10-29 17:03:00 UTC,0.0,0.0,0.0,0.0,1
2013-07-09 18:55:50.0000004,12.5,2013-07-09 18:55:50 UTC,-73.985627,40.757742,-73.997277,40.72506,1
2009-02-08 10:04:23.0000003,10.1,2009-02-08 10:04:23 UTC,-74.009811,40.710762,-73.989676,40.753158,1
2009-08-26 15:30:03.0000005,5.3,2009-08-26 15:30:03 UTC,-73.970299,40.796939,-73.979066,40.787031,1
2013-05-08 19:13:28.0000004,8.0,2013-05-08 19:13:28 UTC,-73.992505,40.745158,-73.988737,40.727199,1
2013-11-24 22:18:00.00000065,9.0,2013-11-24 22:18:00 UTC,-73.979077,40.752995,-73.988192,40.768132,6
2011-08-02 21:34:00.000000212,6.5,2011-08-02 21:34:00 UTC,-73.986748,40.761153,-73.975725,40.746453,5
2014-09-24 21:30:00.000000188,16.83,2014-09-24 21:30:00 UTC,-73.976062,40.754432,-73.956177,40.746975,1
2009-06-28 20:42:00.00000087,14.5,2009-06-28 20:42:00 UTC,-73.962602,40.687163,-73.942955,40.704415,1
2011-06-22 22:39:33.0000009,12.5,2011-06-22 22:39:33 UTC,-73.982102,40.778661,-73.998785,40.732365,2
2014-02-05 13:36:00.00000062,8.0,2014-02-05 13:36:00 UTC,-73.95653,40.771382,-73.970427,40.750807,5
2014-04-19 20:31:07.0000004,21.0,2014-04-19 20:31:07 UTC,-73.976911,40.763248,-74.008089,40.707549,4
2014-07-14 12:38:00.00000055,4.0,2014-07-14 12:38:00 UTC,-73.950862,40.786022,-73.953165,40.791137,5
2013-05-28 19:25:36.0000005,11.0,2013-05-28 19:25:36 UTC,-74.006389,40.736818,-73.976096,40.733384,1
2013-09-26 09:07:00.00000031,6.0,2013-09-26 09:07:00 UTC,-73.975577,40.755597,-73.965123,40.76588,1
2014-07-11 08:51:57.0000001,9.5,2014-07-11 08:51:57 UTC,-73.953865,40.76776,-73.971997,40.74575,1
2009-06-11 16:37:26.0000002,9.7,2009-06-11 16:37:26 UTC,-73.981214,40.765997,-73.991217,40.74228,3
2011-06-30 00:21:00.00000039,24.9,2011-06-30 00:21:00 UTC,-74.002267,40.719062,-74.032807,40.613738,1
2009-02-08 15:28:27.0000004,7.3,2009-02-08 15:28:27 UTC,-73.998761,40.730647,-73.98469,40.742324,1
2010-06-10 22:29:00.000000139,8.1,2010-06-10 22:29:00 UTC,-73.955572,40.763765,-73.986362,40.76985,2
2013-07-08 19:59:54.0000001,23.0,2013-07-08 19:59:54 UTC,-73.97372,40.756498,-73.99228,40.687461,1
2013-05-20 18:12:00.00000067,13.0,2013-05-20 18:12:00 UTC,-73.981785,40.778552,-73.94939,40.822735,1
2010-03-17 12:56:00.00000037,20.5,2010-03-17 12:56:00 UTC,-73.959187,40.774958,-74.001902,40.745667,5
2009-01-24 00:37:39.0000004,3.7,2009-01-24 00:37:39 UTC,-73.986609,40.761859,-73.982084,40.757052,2
2012-04-07 19:46:00.000000183,3.7,2012-04-07 19:46:00 UTC,-73.95915,40.775,-73.954542,40.778028,5
2010-05-20 13:47:00.000000133,8.9,2010-05-20 13:47:00 UTC,-74.014752,40.710038,-74.002032,40.74759,1
2012-04-29 03:25:18.0000003,5.3,2012-04-29 03:25:18 UTC,-74.0053,40.740397,-74.002211,40.734522,1
2011-09-11 19:57:00.000000144,12.9,2011-09-11 19:57:00 UTC,-74.008062,40.714942,-73.985808,40.771292,2
2013-11-16 11:54:13.0000007,11.5,2013-11-16 11:54:13 UTC,-73.970878,40.783528,-73.991703,40.759767,1
2011-11-10 21:52:00.000000125,8.1,2011-11-10 21:52:00 UTC,-73.979427,40.771782,-73.966007,40.755437,1
2012-12-23 04:49:00.00000021,60.5,2012-12-23 04:49:00 UTC,-73.983047,40.762795,-73.86169,40.6726,1
2012-05-01 13:25:14.0000002,10.9,2012-05-01 13:25:14 UTC,-73.95224,40.778771,-73.976705,40.760034,1
2013-10-16 17:23:00.000000127,10.0,2013-10-16 17:23:00 UTC,-73.964988,40.80675,-73.940212,40.805492,1
2012-07-19 12:53:04.0000001,6.1,2012-07-19 12:53:04 UTC,-73.985056,40.744963,-73.976796,40.756259,2
2012-08-30 20:08:57.0000004,8.5,2012-08-30 20:08:57 UTC,-74.010572,40.720767,-73.994672,40.750419,1
2012-06-18 00:23:00.00000032,5.3,2012-06-18 00:23:00 UTC,-73.98749,40.722635,-74.000427,40.72724,2
2013-10-30 20:37:00.000000177,16.0,2013-10-30 20:37:00 UTC,-74.016432,40.709864,-73.983857,40.72862,1
2013-09-23 02:34:58.0000001,10.0,2013-09-23 02:34:58 UTC,-73.977871,40.758255,-73.995589,40.723311,1
2013-12-15 03:03:00.0000003,14.0,2013-12-15 03:03:00 UTC,-73.997785,40.763905,-73.980803,40.735387,1
2012-03-08 12:49:05.0000005,4.5,2012-03-08 12:49:05 UTC,-73.976413,40.759069,-73.982457,40.7522,1
2009-09-06 23:02:28.0000001,28.99,2009-09-06 23:02:28 UTC,-73.988788,40.748567,-73.912695,40.88585,2
2009-06-15 09:10:00.00000047,4.9,2009-06-15 09:10:00 UTC,-73.983643,40.75817,-73.989867,40.756697,4
2011-11-05 20:02:08.0000003,10.1,2011-11-05 20:02:08 UTC,-73.9978,40.7564,-73.9867,40.7299,4
2011-12-03 20:10:00.000000160,5.3,2011-12-03 20:10:00 UTC,-73.96622,40.757915,-73.975923,40.74483,4
2014-02-22 19:07:44.0000004,26.5,2014-02-22 19:07:44 UTC,-73.950389,40.78091,-74.012813,40.716816,1
2013-07-06 00:15:00.000000149,17.5,2013-07-06 00:15:00 UTC,-73.990767,40.734157,-73.969013,40.677095,1
2012-11-13 01:07:35.0000002,38.5,2012-11-13 01:07:35 UTC,-73.971025,40.764129,-74.035607,40.638729,1
2014-12-05 20:45:00.000000259,3.5,2014-12-05 20:45:00 UTC,-73.951412,40.778072,-73.95459,40.77811,1
2012-04-19 21:14:00.000000192,5.7,2012-04-19 21:14:00 UTC,-74.002638,40.733987,-73.987367,40.73964,1
2012-02-14 13:24:00.00000063,8.9,2012-02-14 13:24:00 UTC,-74.01066,40.710928,-73.991843,40.744557,1
2011-06-11 12:19:03.0000004,7.7,2011-06-11 12:19:03 UTC,-73.991426,40.750151,-73.981832,40.753996,1
2013-05-03 21:20:00.000000142,9.5,2013-05-03 21:20:00 UTC,-73.953012,40.78618,-73.977385,40.775987,2
2010-11-05 12:46:00.000000232,10.5,2010-11-05 12:46:00 UTC,-73.95945,40.767422,-73.978808,40.750765,1
2009-07-29 01:44:00.00000052,13.3,2009-07-29 01:44:00 UTC,-73.996923,40.725343,-73.956945,40.7299,1
2014-10-08 17:01:42.0000003,15.5,2014-10-08 17:01:42 UTC,-73.98371,40.768566,-73.976329,40.794599,1
2011-05-09 08:19:30.0000004,8.1,2011-05-09 08:19:30 UTC,-73.991722,40.738575,-73.975253,40.758842,1
2011-02-01 06:22:28.0000001,6.5,2011-02-01 06:22:28 UTC,-73.979251,40.743988,-73.982666,40.760743,1
2009-11-20 08:23:42.0000005,8.9,2009-11-20 08:23:42 UTC,0.0,0.0,0.0,0.0,1
2009-06-07 23:11:00.00000025,12.1,2009-06-07 23:11:00 UTC,-74.007157,40.743502,-73.968858,40.754117,1
2013-12-05 15:16:11.0000003,17.5,2013-12-05 15:16:11 UTC,-73.999863,40.717912,-73.972755,40.750298,1
2011-10-19 00:47:03.0000001,8.5,2011-10-19 00:47:03 UTC,-73.96822,40.757653,-73.99601,40.732777,1
2012-11-16 12:23:00.000000139,11.5,2012-11-16 12:23:00 UTC,0.0,0.0,0.0,0.0,1
2010-06-24 22:54:00.000000257,5.3,2010-06-24 22:54:00 UTC,-74.004022,40.722152,-74.002487,40.73502,1
2009-07-24 21:53:00.0000002,6.9,2009-07-24 21:53:00 UTC,-73.985398,40.763708,-73.9746,40.75443,2
2011-07-09 09:40:25.0000003,13.7,2011-07-09 09:40:25 UTC,-73.959663,40.7987,-73.981785,40.749467,2
2012-05-10 14:12:00.000000200,49.8,2012-05-10 14:12:00 UTC,-73.785817,40.650132,-73.968592,40.760197,2
2011-09-16 23:07:00.0000004,18.9,2011-09-16 23:07:00 UTC,-73.930763,40.819737,-73.955718,40.801683,1
2011-03-23 10:29:00.00000012,4.9,2011-03-23 10:29:00 UTC,-73.984547,40.759145,-73.977875,40.75218,1
2009-05-21 21:40:00.000000154,8.1,2009-05-21 21:40:00 UTC,-73.971722,40.760152,-73.947645,40.776115,1
2014-06-28 09:22:38.0000002,11.5,2014-06-28 09:22:38 UTC,-73.973535,40.738072,-73.98974,40.755624,1
2011-12-23 17:56:00.00000057,11.7,2011-12-23 17:56:00 UTC,-73.988018,40.754492,-73.983268,40.73162,1
2009-09-16 06:07:13.0000001,12.1,2009-09-16 06:07:13 UTC,-73.982176,40.739269,-73.98175,40.732754,2
2010-01-02 01:48:00.00000072,8.1,2010-01-02 01:48:00 UTC,-74.000193,40.737972,-73.974178,40.742842,2
2010-08-21 06:48:00.00000013,10.9,2010-08-21 06:48:00 UTC,-73.90297,40.753783,-73.967038,40.762605,1
2013-10-03 21:51:00.000000116,5.5,2013-10-03 21:51:00 UTC,-73.986342,40.743255,-73.976762,40.756,2
2011-07-13 08:17:00.000000116,6.9,2011-07-13 08:17:00 UTC,-73.994657,40.725965,-73.985903,40.746417,1
2011-03-09 16:16:36.0000001,5.7,2011-03-09 16:16:36 UTC,-74.004573,40.741633,-73.995197,40.76026,1
2011-09-13 00:02:00.000000150,6.9,2011-09-13 00:02:00 UTC,-73.994747,40.73898,-73.980375,40.751052,1
2010-09-13 08:50:00.00000068,9.3,2010-09-13 08:50:00 UTC,-73.978777,40.740953,-73.985958,40.75203,2
2012-12-02 08:40:48.0000003,7.5,2012-12-02 08:40:48 UTC,-73.969093,40.673216,-73.986108,40.689837,1
2014-11-20 23:38:09.0000001,15.0,2014-11-20 23:38:09 UTC,-73.992474,40.749441,-73.985064,40.720834,1
2013-08-13 11:42:56.0000003,8.5,2013-08-13 11:42:56 UTC,-73.947551,40.771046,-73.957471,40.785599,1
2014-03-10 00:02:10.0000001,17.5,2014-03-10 00:02:10 UTC,-73.974309,40.760588,-73.969485,40.758451,1
2009-01-22 22:32:49.0000001,13.4,2009-01-22 22:32:49 UTC,-73.996722,40.737567,-73.97817,40.777171,1
2013-08-31 01:53:16.0000001,6.0,2013-08-31 01:53:16 UTC,-73.994567,40.750603,-73.992133,40.763939,1
2009-10-24 01:18:00.000000112,3.3,2009-10-24 01:18:00 UTC,-73.944555,40.779497,-73.948172,40.774453,4
2011-08-19 15:34:36.0000001,8.1,2011-08-19 15:34:36 UTC,-73.977491,40.752798,-73.956731,40.768138,1
2013-09-12 00:18:00.000000140,6.5,2013-09-12 00:18:00 UTC,-73.951673,40.714832,-73.953412,40.726602,1
2010-12-14 22:30:09.0000001,7.7,2010-12-14 22:30:09 UTC,-73.952112,40.772078,-73.98138,40.778506,1
2014-05-10 00:22:00.000000262,9.5,2014-05-10 00:22:00 UTC,-73.964062,40.807702,-73.95366,40.790805,2
2011-11-05 00:45:00.00000075,5.3,2011-11-05 00:45:00 UTC,-73.96246,40.799037,-73.949363,40.808442,1
2013-08-23 00:57:00.00000047,26.0,2013-08-23 00:57:00 UTC,-74.003525,40.741717,-73.944272,40.81222,6
2010-08-12 14:49:43.0000002,4.1,2010-08-12 14:49:43 UTC,-74.0014,40.727372,-73.98232,40.768972,1
2013-05-11 02:59:00.00000021,14.5,2013-05-11 02:59:00 UTC,-73.99336,40.75201,-73.985162,40.716565,2
2010-05-17 09:25:29.0000004,6.5,2010-05-17 09:25:29 UTC,-73.989948,40.73439,-73.998487,40.722974,1
2011-11-26 17:19:00.00000098,19.3,2011-11-26 17:19:00 UTC,-73.978752,40.762433,-73.962638,40.71002,1
2010-12-16 02:18:46.0000001,18.5,2010-12-16 02:18:46 UTC,-73.980151,40.677012,-73.974041,40.74405,1
2013-10-04 04:53:08.0000001,13.5,2013-10-04 04:53:08 UTC,-73.984449,40.720465,-74.008367,40.746495,1
2010-02-13 19:39:00.000000273,9.3,2010-02-13 19:39:00 UTC,-73.989363,40.721473,-73.984102,40.695018,2
2009-09-08 15:55:30.0000002,6.1,2009-09-08 15:55:30 UTC,-73.97302,40.757902,-73.9857,40.741035,1
2014-06-27 21:08:00.000000184,16.5,2014-06-27 21:08:00 UTC,-73.987132,40.755812,-73.994442,40.72173,1
2010-05-26 04:14:36.0000001,14.1,2010-05-26 04:14:36 UTC,-74.000999,40.741819,-74.001962,40.678716,1
2011-12-14 22:20:00.000000205,10.5,2011-12-14 22:20:00 UTC,-73.985862,40.759502,-73.9619,40.765528,1
2013-11-12 01:44:02.0000002,4.0,2013-11-12 01:44:02 UTC,-73.942051,40.714835,-73.938167,40.72111,2
2013-01-26 22:33:00.000000156,5.5,2013-01-26 22:33:00 UTC,-73.982262,40.731267,-73.977282,40.738682,1
2012-05-01 07:46:00.00000024,34.9,2012-05-01 07:46:00 UTC,-73.994365,40.74542,-73.861607,40.767372,2
2014-08-10 17:04:00.000000104,10.0,2014-08-10 17:04:00 UTC,-73.989162,40.758435,-74.00438,40.73097,2
2012-08-20 17:55:00.00000033,4.1,2012-08-20 17:55:00 UTC,-73.99478,40.740477,-73.999955,40.743407,1
2013-11-09 00:22:52.0000003,10.0,2013-11-09 00:22:52 UTC,-73.962032,40.715879,-73.967786,40.693347,1
2011-12-15 06:16:59.0000002,18.5,2011-12-15 06:16:59 UTC,-73.952584,40.772402,-74.016069,40.711196,1
2014-06-10 20:27:14.0000001,10.5,2014-06-10 20:27:14 UTC,-73.975968,40.781051,-73.972291,40.761899,1
2009-05-04 13:27:18.0000003,4.1,2009-05-04 13:27:18 UTC,-73.965005,40.791736,-73.955599,40.787775,1
2011-01-03 02:03:00.0000008,20.9,2011-01-03 02:03:00 UTC,-73.99102,40.750515,-73.941175,40.828905,1
2011-07-16 07:41:00.00000034,5.3,2011-07-16 07:41:00 UTC,-73.997448,40.757088,-73.982902,40.767518,1
2010-08-23 18:56:34.0000003,7.3,2010-08-23 18:56:34 UTC,-73.982012,40.757919,-73.975814,40.744875,1
2014-12-30 21:20:00.000000164,12.0,2014-12-30 21:20:00 UTC,-73.9957,40.75994,-73.96957,40.79054,1
2011-01-15 16:46:47.0000006,7.3,2011-01-15 16:46:47 UTC,-73.966556,40.764869,-73.979925,40.781134,2
2013-11-21 09:50:00.00000030,13.5,2013-11-21 09:50:00 UTC,-73.947507,40.771282,-73.95599,40.784612,1
2013-10-07 11:55:00.00000098,15.5,2013-10-07 11:55:00 UTC,-73.870285,40.772452,-73.873192,40.771762,1
2014-05-26 06:24:00.00000020,7.0,2014-05-26 06:24:00 UTC,-73.99197,40.75906,-73.98987,40.747157,1
2014-02-07 19:21:49.0000002,19.5,2014-02-07 19:21:49 UTC,-74.016152,40.714918,-73.978694,40.783489,1
2010-10-25 13:55:27.0000002,7.3,2010-10-25 13:55:27 UTC,-73.969527,40.753833,-73.992561,40.735606,1
2012-04-09 07:19:20.0000004,4.5,2012-04-09 07:19:20 UTC,-73.950254,40.779912,-73.952328,40.789697,1
2012-03-10 13:47:00.000000232,3.7,2012-03-10 13:47:00 UTC,-73.999873,40.738537,-73.95484,40.773622,1
2010-07-09 19:39:00.000000103,25.7,2010-07-09 19:39:00 UTC,-73.989913,40.720668,-73.937287,40.82927,1
2009-02-23 15:41:12.0000003,6.5,2009-02-23 15:41:12 UTC,-73.962564,40.758191,-73.979319,40.753205,1
2011-08-13 23:02:00.0000002,18.1,2011-08-13 23:02:00 UTC,-73.995057,40.767153,-73.919683,40.756118,1
2011-06-26 04:05:00.00000071,6.5,2011-06-26 04:05:00 UTC,-73.999393,40.734122,-73.978057,40.751932,1
2011-04-20 19:10:07.0000005,8.1,2011-04-20 19:10:07 UTC,-74.014005,40.717566,-74.000539,40.742638,1
2013-08-29 06:25:38.0000001,6.5,2013-08-29 06:25:38 UTC,-73.976376,40.765073,-73.983252,40.77852,1
2011-10-26 17:33:55.0000005,4.1,2011-10-26 17:33:55 UTC,-73.960378,40.782397,-73.96178,40.776479,2
2012-06-14 07:19:50.0000002,6.1,2012-06-14 07:19:50 UTC,-73.989968,40.746706,-73.975778,40.759292,1
2010-10-22 22:07:00.00000079,9.7,2010-10-22 22:07:00 UTC,-73.988182,40.737333,-73.961013,40.76634,2
2014-03-23 01:45:00.000000143,9.5,2014-03-23 01:45:00 UTC,-74.00143,40.73095,-73.99027,40.71414,1
2012-10-20 21:10:33.0000001,32.8,2012-10-20 21:10:33 UTC,-73.874478,40.774069,-73.971596,40.795252,1
2009-01-26 11:52:00.000000173,3.7,2009-01-26 11:52:00 UTC,-73.987895,40.727878,-73.987627,40.732642,1
2009-04-14 09:55:00.00000087,6.9,2009-04-14 09:55:00 UTC,-73.990953,40.750525,-73.976113,40.751397,1
2012-04-13 10:26:00.00000050,6.1,2012-04-13 10:26:00 UTC,-73.978023,40.751867,-73.986282,40.750158,5
2012-05-21 10:43:19.0000006,9.7,2012-05-21 10:43:19 UTC,-73.989289,40.740397,-73.974956,40.720363,1
2009-04-05 01:38:00.0000001,9.3,2009-04-05 01:38:00 UTC,-74.001007,40.709733,-73.990252,40.725147,1
2009-10-05 18:02:00.000000202,12.5,2009-10-05 18:02:00 UTC,-73.986813,40.719718,-73.989653,40.751155,1
2013-02-10 09:48:28.0000001,17.0,2013-02-10 09:48:28 UTC,-73.980933,40.74787,-74.012781,40.709583,3
2014-06-24 20:25:12.0000004,8.5,2014-06-24 20:25:12 UTC,-73.967428,40.758681,-73.97776,40.773634,1
2009-11-01 06:57:00.0000006,10.1,2009-11-01 06:57:00 UTC,-73.981248,40.725057,-74.01181,40.701503,1
2011-02-16 19:18:33.0000006,4.5,2011-02-16 19:18:33 UTC,-73.958243,40.768877,-73.952559,40.776725,1
2009-02-23 18:20:16.0000003,4.3,2009-02-23 18:20:16 UTC,-73.98535,40.731848,-73.98371,40.737991,1
2013-08-21 17:44:21.0000006,6.5,2013-08-21 17:44:21 UTC,-74.012475,40.718809,-74.008637,40.737599,1
2012-09-24 09:07:42.0000001,8.0,2012-09-24 09:07:42 UTC,0.0,0.0,0.0,0.0,1
2009-05-23 23:11:37.0000001,7.3,2009-05-23 23:11:37 UTC,-73.987855,40.779326,-73.978929,40.76268,2
2010-08-12 18:24:17.0000001,7.3,2010-08-12 18:24:17 UTC,-73.987088,40.741698,-73.989611,40.748754,1
2014-01-21 12:59:16.0000002,24.5,2014-01-21 12:59:16 UTC,-73.964207,40.807899,-73.963536,40.770942,1
2014-10-28 14:26:00.000000142,18.5,2014-10-28 14:26:00 UTC,-73.986047,40.761852,-74.010502,40.718867,6
2011-02-17 20:58:58.0000001,12.1,2011-02-17 20:58:58 UTC,-73.961101,40.811883,-73.980716,40.764555,1
2012-09-10 09:28:00.00000083,14.0,2012-09-10 09:28:00 UTC,0.0,0.0,0.0,0.0,1
2010-05-19 18:46:00.000000137,7.3,2010-05-19 18:46:00 UTC,-74.008183,40.738005,-73.985322,40.73885,1
2009-01-08 13:37:00.00000014,6.9,2009-01-08 13:37:00 UTC,-74.00667,40.751488,-73.986588,40.762322,2
2010-03-30 12:15:00.000000158,14.5,2010-03-30 12:15:00 UTC,-73.978625,40.750497,-74.010153,40.703225,5
2010-10-05 07:59:24.0000004,8.5,2010-10-05 07:59:24 UTC,-74.001368,40.730937,-73.980681,40.761544,1
2011-12-22 18:46:55.0000009,9.3,2011-12-22 18:46:55 UTC,-73.971247,40.760828,-73.982011,40.769576,2
2010-11-09 08:28:00.000000163,8.5,2010-11-09 08:28:00 UTC,-73.980515,40.742413,-73.980218,40.75902,1
2014-03-06 15:52:00.000000119,5.5,2014-03-06 15:52:00 UTC,-73.98665,40.74265,-73.98068,40.74977,1
2014-12-17 23:31:35.0000004,8.0,2014-12-17 23:31:35 UTC,-73.996509,40.74291,-73.988315,40.727914,4
2009-01-20 23:12:26.0000002,9.8,2009-01-20 23:12:26 UTC,-73.985978,40.740659,-73.954368,40.773954,1
2012-03-27 13:25:00.000000107,8.9,2012-03-27 13:25:00 UTC,-74.015677,40.710992,-73.99774,40.730067,1
2011-09-06 20:58:37.0000003,4.9,2011-09-06 20:58:37 UTC,-73.93559,40.796131,-73.949517,40.802043,1
2012-08-04 17:34:21.0000005,8.1,2012-08-04 17:34:21 UTC,-73.974322,40.762503,-73.985882,40.743738,2
2012-07-22 00:40:47.0000001,14.1,2012-07-22 00:40:47 UTC,-73.9773,40.789819,-74.006016,40.735603,1
2012-05-25 11:09:00.00000036,5.7,2012-05-25 11:09:00 UTC,-73.985285,40.759552,-73.986687,40.756553,4
2014-10-18 19:31:00.000000159,13.5,2014-10-18 19:31:00 UTC,-74.005072,40.733162,-73.986457,40.721942,1
2009-08-17 00:55:00.00000026,6.5,2009-08-17 00:55:00 UTC,-73.983417,40.763073,-73.971422,40.76662,1
2010-11-20 20:55:46.0000002,9.3,2010-11-20 20:55:46 UTC,-73.982407,40.764616,-73.975671,40.741511,3
2010-01-08 22:31:00.0000001,9.7,2010-01-08 22:31:00 UTC,-73.99723,40.722623,-73.998268,40.686615,3
2009-03-29 11:09:00.000000146,17.3,2009-03-29 11:09:00 UTC,-73.982817,40.764135,-74.002865,40.706533,3
2013-01-06 04:38:00.00000054,16.5,2013-01-06 04:38:00 UTC,-73.977692,40.746162,-73.909017,40.743487,1
2013-09-02 18:22:37.0000001,7.0,2013-09-02 18:22:37 UTC,-73.983578,40.773576,-73.961484,40.776009,1
2013-11-05 06:55:00.00000030,7.0,2013-11-05 06:55:00 UTC,-73.964462,40.763895,-73.983192,40.755322,1
2009-03-13 08:24:00.00000062,17.3,2009-03-13 08:24:00 UTC,-73.988037,40.765578,-74.012892,40.702573,1
2013-09-10 08:52:00.000000137,7.5,2013-09-10 08:52:00 UTC,-73.966922,40.761217,-73.955892,40.782117,1
2014-03-15 22:25:54.0000001,15.5,2014-03-15 22:25:54 UTC,-73.991221,40.750189,-73.988369,40.719668,2
2013-11-28 06:49:09.0000001,4.0,2013-11-28 06:49:09 UTC,-73.993774,40.752146,-74.002832,40.756218,2
2012-04-05 11:26:33.0000004,21.3,2012-04-05 11:26:33 UTC,-73.954033,40.784392,-74.010526,40.720256,1
2009-06-26 13:29:47.0000002,3.3,2009-06-26 13:29:47 UTC,-73.980325,40.767388,-73.972425,40.764083,1
2009-09-16 18:36:57.0000003,9.3,2009-09-16 18:36:57 UTC,-74.00419,40.72425,-73.986938,40.752033,1
2011-05-12 22:54:00.000000190,13.7,2011-05-12 22:54:00 UTC,-73.955305,40.764747,-73.957133,40.81273,1
2011-08-20 18:06:49.0000002,6.1,2011-08-20 18:06:49 UTC,-73.993348,40.735941,-73.991349,40.747157,4
2011-08-25 22:22:17.0000008,7.7,2011-08-25 22:22:17 UTC,-73.984864,40.748192,-74.002708,40.734321,1
2013-07-13 22:41:07.0000001,20.5,2013-07-13 22:41:07 UTC,-73.954607,40.732252,-73.874264,40.750786,1
2012-01-20 18:46:07.0000004,4.5,2012-01-20 18:46:07 UTC,-73.95618,40.781955,-73.951748,40.777771,2
2014-10-13 03:18:45.0000001,7.0,2014-10-13 03:18:45 UTC,-73.970649,40.674514,-73.942127,40.669735,1
2009-10-21 12:11:00.00000051,6.1,2009-10-21 12:11:00 UTC,-73.98257,40.76298,-73.997657,40.761095,3
2011-08-03 21:06:39.0000002,5.7,2011-08-03 21:06:39 UTC,-73.973503,40.756591,-73.962772,40.764121,1
2014-08-26 23:10:00.00000090,8.0,2014-08-26 23:10:00 UTC,-73.984878,40.76425,-74.000173,40.748037,5
2014-01-20 17:27:00.00000066,8.5,2014-01-20 17:27:00 UTC,-73.998312,40.745227,-74.003252,40.724242,1
2013-12-18 10:15:00.000000154,20.5,2013-12-18 10:15:00 UTC,-73.969752,40.797632,-73.969942,40.758405,6
2012-04-06 11:53:32.0000002,4.9,2012-04-06 11:53:32 UTC,-73.9916,40.754928,-73.984215,40.76328,2
2011-04-26 00:21:06.0000001,7.3,2011-04-26 00:21:06 UTC,-73.970309,40.767959,-73.997568,40.760804,1
2011-11-13 17:36:39.0000001,2.5,2011-11-13 17:36:39 UTC,-73.974135,40.764666,-73.974022,40.764599,1
2010-04-16 16:06:02.0000004,8.5,2010-04-16 16:06:02 UTC,-73.997339,40.736566,-73.972466,40.754827,1
2011-09-17 10:50:06.0000004,18.1,2011-09-17 10:50:06 UTC,-74.0109,40.7167,-73.967,40.7639,1
2012-02-24 02:01:00.00000027,10.9,2012-02-24 02:01:00 UTC,-73.989672,40.757412,-73.946405,40.789237,2
2014-10-19 21:02:59.0000003,6.5,2014-10-19 21:02:59 UTC,-73.983765,40.725531,-73.984021,40.737454,2
2013-04-23 10:38:00.00000056,7.5,2013-04-23 10:38:00 UTC,-73.99306,40.742452,-74.006048,40.750085,1
2012-02-15 15:31:00.000000232,6.5,2012-02-15 15:31:00 UTC,-73.958335,40.781485,-73.981392,40.753037,3
2010-04-13 12:35:27.0000002,9.7,2010-04-13 12:35:27 UTC,-73.984618,40.774695,-73.991611,40.749931,1
2010-10-20 18:38:07.0000001,7.3,2010-10-20 18:38:07 UTC,-73.950554,40.786434,-73.95723,40.801499,1
2011-01-09 17:19:50.0000004,22.1,2011-01-09 17:19:50 UTC,-73.980023,40.681798,-73.988993,40.777151,2
2012-02-23 21:03:33.0000003,8.1,2012-02-23 21:03:33 UTC,-73.988618,40.748731,-73.959837,40.759945,1
2012-06-26 19:39:30.0000001,11.7,2012-06-26 19:39:30 UTC,-73.993197,40.751448,-73.952989,40.780267,1
2011-08-01 18:51:24.0000004,12.5,2011-08-01 18:51:24 UTC,-73.996475,40.723751,-73.998762,40.728949,1
2012-06-11 08:40:00.000000188,5.7,2012-06-11 08:40:00 UTC,-73.978908,40.787183,-73.958482,40.777218,5
2012-02-21 19:01:00.00000088,9.3,2012-02-21 19:01:00 UTC,-73.968365,40.759083,-73.98927,40.752113,2
2011-10-18 18:51:00.000000130,5.3,2011-10-18 18:51:00 UTC,-73.973225,40.764347,-73.964477,40.775627,5
2014-12-19 12:22:00.00000044,8.0,2014-12-19 12:22:00 UTC,-73.956627,40.780982,-73.956627,40.780982,1
2009-04-20 00:26:07.0000001,8.5,2009-04-20 00:26:07 UTC,-74.000769,40.730776,-73.981293,40.76429,1
2009-07-23 04:11:00.0000004,6.1,2009-07-23 04:11:00 UTC,-73.98847,40.721605,-73.993492,40.718055,1
2009-02-14 23:07:50.0000002,10.6,2009-02-14 23:07:50 UTC,-73.981236,40.759091,-73.994787,40.753069,1
2013-03-03 18:16:00.000000169,8.5,2013-03-03 18:16:00 UTC,-73.938692,40.805012,-73.954123,40.821162,5
2013-02-23 04:30:16.0000001,18.0,2013-02-23 04:30:16 UTC,-74.006769,40.744211,-73.951221,40.818172,1
2009-11-14 17:40:40.0000001,9.3,2009-11-14 17:40:40 UTC,-73.998571,40.723095,-73.981658,40.740943,1
2009-03-19 00:06:27.0000004,5.0,2009-03-19 00:06:27 UTC,-73.989395,40.769537,-73.981123,40.762006,1
2012-04-10 16:17:32.0000006,4.5,2012-04-10 16:17:32 UTC,-73.9871,40.733322,-73.978417,40.745322,0
2013-05-24 22:31:00.000000149,3.5,2013-05-24 22:31:00 UTC,40.766687,-73.98303,40.757992,-73.986135,1
2014-02-05 17:45:00.00000053,9.5,2014-02-05 17:45:00 UTC,-73.991037,40.750872,-73.981372,40.752012,1
2014-02-03 08:19:00.00000097,9.0,2014-02-03 08:19:00 UTC,-73.985655,40.735617,-73.970503,40.74984,3
2012-10-26 12:08:49.0000003,22.0,2012-10-26 12:08:49 UTC,-74.014417,40.71468,-73.974557,40.760427,1
2010-07-26 18:08:54.0000001,7.7,2010-07-26 18:08:54 UTC,-74.016433,40.710162,-74.006554,40.718879,1
2009-10-07 02:49:15.0000002,8.9,2009-10-07 02:49:15 UTC,-73.988545,40.764062,-73.968894,40.750124,1
2014-10-21 00:00:00.00000086,12.5,2014-10-21 00:00:00 UTC,-73.991825,40.749432,-73.982673,40.784962,1
2012-11-22 01:26:44.0000001,10.0,2012-11-22 01:26:44 UTC,-74.004349,40.742249,-73.986887,40.756703,1
2012-09-04 19:42:00.000000247,10.0,2012-09-04 19:42:00 UTC,-73.960742,40.777807,-73.963207,40.759402,1
2012-06-11 02:19:00.00000025,54.1,2012-06-11 02:19:00 UTC,-73.780557,40.645257,-73.788635,40.665232,6
2010-02-11 13:01:00.000000153,4.9,2010-02-11 13:01:00 UTC,-73.965948,40.795595,-73.960815,40.799497,2
2011-12-30 14:01:00.00000056,5.7,2011-12-30 14:01:00 UTC,-73.975062,40.753145,-73.984528,40.748457,1
2014-11-29 22:02:00.000000120,5.0,2014-11-29 22:02:00 UTC,-73.99763,40.725787,-74.006682,40.729937,1
2010-02-27 14:33:00.000000160,13.3,2010-02-27 14:33:00 UTC,-73.959133,40.783225,-73.99087,40.73425,5
2011-12-12 19:13:00.000000255,6.5,2011-12-12 19:13:00 UTC,-73.95965,40.780447,-73.967808,40.767083,1
2009-10-30 10:11:13.0000004,10.9,2009-10-30 10:11:13 UTC,-74.002755,40.739346,-73.984848,40.774176,1
2010-11-20 22:35:00.000000191,10.9,2010-11-20 22:35:00 UTC,-73.99202,40.769837,-73.987075,40.749752,1
2013-06-10 04:43:00.00000022,7.5,2013-06-10 04:43:00 UTC,-73.95866,40.708612,-73.988357,40.718702,3
2009-01-22 19:50:25.0000009,7.1,2009-01-22 19:50:25 UTC,-73.977267,40.774582,-73.970319,40.762123,1
2009-11-20 20:59:00.000000178,6.9,2009-11-20 20:59:00 UTC,-73.973135,40.764597,-73.952022,40.781118,1
2011-02-18 13:28:00.00000028,11.7,2011-02-18 13:28:00 UTC,-74.00037,40.732383,-73.967655,40.761173,1
2011-08-24 00:08:02.0000001,6.9,2011-08-24 00:08:02 UTC,-73.989625,40.726108,-74.00695,40.719758,2
2010-04-10 02:44:00.00000029,4.1,2010-04-10 02:44:00 UTC,-73.979698,40.67762,-73.977663,40.684525,1
2012-07-09 22:04:00.00000039,4.9,2012-07-09 22:04:00 UTC,-73.96715,40.766825,-73.970717,40.75194,6
2011-03-24 15:24:21.0000004,5.3,2011-03-24 15:24:21 UTC,-73.980389,40.738701,-73.993505,40.729283,1
2014-08-04 19:34:00.000000118,5.0,2014-08-04 19:34:00 UTC,-73.952832,40.778357,-73.961215,40.780602,1
2010-09-17 21:08:00.000000144,4.5,2010-09-17 21:08:00 UTC,-73.987692,40.770302,-73.943843,40.82524,1
2014-11-08 12:15:21.0000003,12.0,2014-11-08 12:15:21 UTC,-73.981248,40.75323,-73.997212,40.72476,1
2012-02-23 16:02:22.0000003,4.9,2012-02-23 16:02:22 UTC,-74.002712,40.749802,-73.991788,40.752946,1
2009-10-28 09:24:42.0000005,14.9,2009-10-28 09:24:42 UTC,-73.960833,40.761682,-74.005604,40.705846,1
2012-03-09 19:36:00.00000057,6.1,2012-03-09 19:36:00 UTC,-73.992652,40.742902,-73.973373,40.743853,5
2012-04-25 23:03:00.00000027,10.1,2012-04-25 23:03:00 UTC,-74.00663,40.73872,-73.991585,40.71753,1
2012-01-10 15:55:00.00000020,16.9,2012-01-10 15:55:00 UTC,-73.974865,40.755327,-74.007677,40.705147,6
2011-11-21 23:13:35.0000001,8.1,2011-11-21 23:13:35 UTC,-73.989874,40.75889,-74.003014,40.733478,1
2013-10-04 19:37:02.0000001,8.0,2013-10-04 19:37:02 UTC,-73.983105,40.761778,-73.963007,40.76643,1
2014-10-24 07:49:00.0000003,12.5,2014-10-24 07:49:00 UTC,-73.992853,40.734045,-73.974753,40.761607,6
2012-12-16 15:51:00.000000168,6.0,2012-12-16 15:51:00 UTC,-73.96102,40.760717,-73.95119,40.774535,1
2010-05-11 16:53:34.0000003,10.9,2010-05-11 16:53:34 UTC,-73.977228,40.764209,-73.976967,40.786129,1
2011-09-20 15:19:43.0000002,7.3,2011-09-20 15:19:43 UTC,-73.971487,40.782221,-73.953514,40.803595,3
2012-01-09 21:33:00.00000085,4.9,2012-01-09 21:33:00 UTC,-73.988107,40.73781,-73.994322,40.745475,1
2013-04-17 12:46:00.00000070,6.0,2013-04-17 12:46:00 UTC,-73.98611,40.767255,-73.998398,40.740502,1
2014-07-14 18:12:00.00000074,11.0,2014-07-14 18:12:00 UTC,-73.986435,40.758782,-73.987375,40.743262,1
2009-10-21 10:48:14.0000005,12.9,2009-10-21 10:48:14 UTC,-73.982089,40.762453,-73.952448,40.789768,1
2009-05-09 00:46:59.0000007,16.1,2009-05-09 00:46:59 UTC,-73.981085,40.741625,-73.923856,40.766644,1
2013-10-22 22:05:00.000000114,11.0,2013-10-22 22:05:00 UTC,-73.983465,40.756197,-73.980687,40.730502,1
2013-06-02 14:55:36.0000002,4.0,2013-06-02 14:55:36 UTC,-73.98042,40.754169,-73.98541,40.747433,1
2013-12-09 08:47:00.00000094,8.5,2013-12-09 08:47:00 UTC,-73.9854,40.757697,-73.98907,40.7736,1
2014-10-07 13:56:05.0000001,6.5,2014-10-07 13:56:05 UTC,-73.955124,40.782981,-73.961106,40.77511,2
2013-11-02 03:47:56.0000003,14.0,2013-11-02 03:47:56 UTC,-73.995822,40.690753,-73.993102,40.733607,1
2009-10-01 12:50:00.00000045,6.5,2009-10-01 12:50:00 UTC,-73.974765,40.778057,-73.974123,40.793123,3
2013-01-09 10:00:08.0000002,10.5,2013-01-09 10:00:08 UTC,-73.999247,40.761183,-73.973428,40.759792,1
2012-01-26 21:02:39.0000002,6.9,2012-01-26 21:02:39 UTC,-73.985041,40.723647,-73.999798,40.734457,1
2010-05-24 17:42:00.000000159,25.3,2010-05-24 17:42:00 UTC,-73.931797,40.846362,-73.977903,40.713412,2
2010-07-06 16:51:01.0000001,9.7,2010-07-06 16:51:01 UTC,-73.983988,40.75481,-73.95419,40.782153,1
2010-05-25 09:00:00.000000200,18.5,2010-05-25 09:00:00 UTC,-73.974392,40.793563,-74.013792,40.714837,1
2013-10-18 21:33:00.00000059,57.33,2013-10-18 21:33:00 UTC,-73.777792,40.646765,-73.977772,40.787987,1
2012-11-21 08:57:00.000000100,15.5,2012-11-21 08:57:00 UTC,-73.924007,40.745747,-73.9639,40.759702,1
2011-07-30 09:05:07.0000001,7.7,2011-07-30 09:05:07 UTC,-73.966409,40.753462,-73.992371,40.759746,4
2012-01-12 23:31:00.000000109,9.3,2012-01-12 23:31:00 UTC,-73.98388,40.743952,-73.963067,40.774945,1
2009-05-12 23:05:00.000000171,20.9,2009-05-12 23:05:00 UTC,-74.009165,40.704142,-73.972317,40.791372,5
2010-12-01 17:43:02.0000001,5.7,2010-12-01 17:43:02 UTC,-73.961226,40.764951,-73.951472,40.776893,1
2010-01-07 15:46:12.0000006,6.9,2010-01-07 15:46:12 UTC,-73.959974,40.776551,-73.967714,40.762741,1
2009-04-22 22:27:57.0000002,11.7,2009-04-22 22:27:57 UTC,-73.987959,40.740943,-74.016172,40.714897,1
2009-02-18 08:36:15.0000004,5.3,2009-02-18 08:36:15 UTC,-73.966698,40.76125,-73.956973,40.763419,1
2013-10-26 20:02:00.000000277,5.5,2013-10-26 20:02:00 UTC,-74.00071,40.74223,-73.980017,40.74595,5
2012-11-07 11:56:00.00000060,7.5,2012-11-07 11:56:00 UTC,-73.96545,40.754877,-73.960277,40.76996,5
2011-01-04 11:25:19.0000004,6.9,2011-01-04 11:25:19 UTC,-73.99222,40.748316,-73.979971,40.746584,2
2013-03-07 21:36:00.000000106,13.5,2013-03-07 21:36:00 UTC,-73.976747,40.71932,-73.954045,40.700412,2
2010-02-08 14:18:00.000000149,6.9,2010-02-08 14:18:00 UTC,-73.988285,40.753925,-74.006687,40.742457,5
2014-04-21 09:24:53.0000001,10.5,2014-04-21 09:24:53 UTC,-73.977951,40.745723,-73.96954,40.757314,1
2009-08-24 21:52:00.00000020,6.5,2009-08-24 21:52:00 UTC,-73.974015,40.743128,-73.954342,40.76991,5
2014-11-22 01:21:00.000000115,4.5,2014-11-22 01:21:00 UTC,-73.950593,40.779547,-73.957203,40.770817,1
2009-05-02 01:41:00.00000053,13.3,2009-05-02 01:41:00 UTC,-73.987403,40.724763,-73.959632,40.781098,1
2014-11-29 17:34:33.0000001,15.5,2014-11-29 17:34:33 UTC,-73.945324,40.778344,-73.949319,40.749737,2
2012-11-10 01:07:00.00000046,6.0,2012-11-10 01:07:00 UTC,-73.997597,40.720885,-73.99255,40.723952,2
2011-07-05 09:47:58.0000003,8.9,2011-07-05 09:47:58 UTC,-73.947914,40.771037,-73.974922,40.756692,1
2010-12-07 09:16:00.00000045,6.1,2010-12-07 09:16:00 UTC,-73.991738,40.730838,-74.010063,40.720133,1
2014-08-13 06:53:36.0000001,2.5,2014-08-13 06:53:36 UTC,-73.979418,40.64274,-73.979361,40.642972,1
2009-07-26 06:51:19.0000001,18.5,2009-07-26 06:51:19 UTC,-73.969484,40.757394,-73.854818,40.751948,2
2013-10-12 11:23:00.00000052,4.0,2013-10-12 11:23:00 UTC,-73.97464,40.788062,-73.96957,40.793702,3
2012-07-21 02:17:00.000000187,12.1,2012-07-21 02:17:00 UTC,-73.957958,40.719722,-73.901275,40.709125,1
2009-05-07 23:57:00.000000143,12.5,2009-05-07 23:57:00 UTC,-74.003917,40.722152,-73.964657,40.766403,1
2010-06-01 17:27:00.000000192,14.1,2010-06-01 17:27:00 UTC,-73.973848,40.751643,-73.964838,40.79181,1
2014-02-13 21:45:00.000000134,5.0,2014-02-13 21:45:00 UTC,-73.985802,40.75786,-73.993837,40.752445,1
2013-01-20 12:03:31.0000001,7.5,2013-01-20 12:03:31 UTC,-73.980771,40.767587,-73.9603,40.763006,1
2013-09-21 20:13:55.0000001,14.5,2013-09-21 20:13:55 UTC,-74.015642,40.708541,-73.99947,40.722543,2
2009-04-17 03:06:33.0000001,29.3,2009-04-17 03:06:33 UTC,-73.991036,40.742147,-74.021644,40.618826,1
2009-05-27 18:18:00.00000032,8.5,2009-05-27 18:18:00 UTC,-73.98093,40.761415,-73.978475,40.749488,2
2013-10-25 05:57:51.0000001,3.0,2013-10-25 05:57:51 UTC,-73.970472,40.75229,-73.973193,40.748673,1
2009-03-26 18:19:00.000000288,15.7,2009-03-26 18:19:00 UTC,-73.992323,40.744467,-73.969185,40.800968,2
2011-02-15 16:04:10.0000003,4.5,2011-02-15 16:04:10 UTC,-74.017695,40.706749,-74.008327,40.70451,1
2010-10-28 08:12:57.0000003,7.3,2010-10-28 08:12:57 UTC,0.0,0.0,0.0,0.0,1
2012-01-06 19:41:00.00000051,5.3,2012-01-06 19:41:00 UTC,-73.9754,40.749425,-73.989748,40.750463,1
2012-11-29 09:10:51.0000005,10.5,2012-11-29 09:10:51 UTC,-73.982401,40.773302,-74.003712,40.756481,1
2009-09-06 13:55:00.000000128,15.7,2009-09-06 13:55:00 UTC,-74.003892,40.706552,-73.988075,40.748288,1
2014-08-15 21:40:12.0000003,8.0,2014-08-15 21:40:12 UTC,-73.985843,40.74063,-73.993283,40.722372,1
2010-10-24 14:06:00.0000003,9.3,2010-10-24 14:06:00 UTC,-73.994257,40.75623,-73.99938,40.754268,1
2014-07-09 08:49:00.000000204,5.5,2014-07-09 08:49:00 UTC,-73.981798,40.770427,-73.981317,40.76185,1
2009-03-09 20:48:00.000000133,22.9,2009-03-09 20:48:00 UTC,-73.874598,40.774138,-73.974032,40.78983,5
2010-05-26 14:39:06.0000003,7.7,2010-05-26 14:39:06 UTC,-74.006021,40.72402,-73.985608,40.723233,1
2014-04-21 22:16:00.0000004,6.0,2014-04-21 22:16:00 UTC,-74.003403,40.732675,-73.999383,40.741462,1
2014-04-18 20:24:14.0000001,6.0,2014-04-18 20:24:14 UTC,-73.988685,40.722435,-73.988587,40.731326,2
2014-11-12 18:55:00.00000019,6.5,2014-11-12 18:55:00 UTC,-73.971375,40.7827,-73.971375,40.7827,1
2013-01-07 16:13:44.0000002,11.5,2013-01-07 16:13:44 UTC,-73.992673,40.748565,-73.966759,40.767125,1
2013-08-24 15:55:00.0000007,11.0,2013-08-24 15:55:00 UTC,-73.981088,40.762987,-74.004428,40.742155,5
2011-10-29 04:49:00.00000063,8.9,2011-10-29 04:49:00 UTC,-74.003712,40.725303,-73.989877,40.751228,3
2013-07-08 21:59:17.0000001,7.5,2013-07-08 21:59:17 UTC,-73.979867,40.760301,-73.969011,40.755958,1
2013-04-05 00:11:00.00000080,17.0,2013-04-05 00:11:00 UTC,-73.97737,40.779427,-73.994127,40.725652,2
2014-01-08 11:30:20.0000003,8.0,2014-01-08 11:30:20 UTC,-73.992296,40.758274,-73.970192,40.750576,1
2012-07-25 22:51:22.0000002,7.3,2012-07-25 22:51:22 UTC,-73.988756,40.774106,-73.969466,40.787835,1
2013-02-26 04:02:00.0000004,12.5,2013-02-26 04:02:00 UTC,-73.93924,40.790352,-73.939137,40.826752,1
2014-11-30 22:12:00.00000023,25.0,2014-11-30 22:12:00 UTC,-74.00211,40.73275,-73.95871,40.81525,2
2013-10-14 18:40:00.00000086,12.0,2013-10-14 18:40:00 UTC,-73.98375,40.746572,-73.951343,40.786072,1
2014-02-11 18:06:00.000000168,21.5,2014-02-11 18:06:00 UTC,-73.97812,40.7372,-73.94909,40.79094,5
2014-02-13 07:57:42.0000002,10.0,2014-02-13 07:57:42 UTC,-74.002172,40.709095,-74.01375,40.71652,1
2013-04-20 12:06:58.0000001,41.0,2013-04-20 12:06:58 UTC,-73.781866,40.644627,-73.981412,40.665932,2
2010-11-17 17:45:15.0000001,6.5,2010-11-17 17:45:15 UTC,-73.966184,40.758157,-73.981725,40.735722,1
2014-02-19 22:12:00.000000172,16.0,2014-02-19 22:12:00 UTC,-73.977563,40.763287,-73.916463,40.753847,1
2009-03-25 16:24:22.0000001,7.1,2009-03-25 16:24:22 UTC,-73.965774,40.762979,-73.966196,40.75979,2
2009-05-17 02:50:45.0000003,8.5,2009-05-17 02:50:45 UTC,-73.955894,40.772173,-73.98026,40.742413,2
2012-07-02 09:35:33.0000005,13.7,2012-07-02 09:35:33 UTC,-73.99297,40.734134,-73.965707,40.771106,1
2012-11-06 19:16:00.000000248,7.0,2012-11-06 19:16:00 UTC,-73.985037,40.767647,-73.979785,40.781197,1
2012-08-23 18:52:00.000000230,8.5,2012-08-23 18:52:00 UTC,-73.992717,40.75828,-73.982467,40.741047,5
2010-01-31 14:50:30.0000001,3.7,2010-01-31 14:50:30 UTC,-73.946558,40.772395,-73.949303,40.777854,1
2013-01-17 13:46:00.00000090,13.5,2013-01-17 13:46:00 UTC,-73.98784,40.749607,-73.960313,40.781597,4
2014-08-16 18:53:30.0000004,4.5,2014-08-16 18:53:30 UTC,-74.001342,40.747441,-74.006181,40.740383,1
2009-09-08 20:55:47.0000001,6.1,2009-09-08 20:55:47 UTC,-73.967875,40.758594,-73.953079,40.780019,1
2010-06-15 11:10:59.0000007,6.5,2010-06-15 11:10:59 UTC,-73.952059,40.784538,-73.947305,40.776958,1
2014-11-03 14:22:38.0000002,16.0,2014-11-03 14:22:38 UTC,-73.99027,40.752862,-73.99459,40.719627,4
2014-12-17 07:33:02.0000001,6.5,2014-12-17 07:33:02 UTC,-74.001746,40.746042,-73.994011,40.757308,1
2013-02-17 23:00:00.000000105,5.0,2013-02-17 23:00:00 UTC,-73.952738,40.776735,-73.961757,40.76391,3
2012-03-26 12:08:00.00000098,6.1,2012-03-26 12:08:00 UTC,-73.950212,40.771365,-73.965115,40.762557,2
2010-02-17 20:46:03.0000003,4.9,2010-02-17 20:46:03 UTC,-73.986875,40.742889,-73.975887,40.745717,1
2010-01-31 15:02:00.00000027,10.5,2010-01-31 15:02:00 UTC,-73.973687,40.79223,-73.98628,40.758207,1
2014-08-14 13:52:34.0000001,34.33,2014-08-14 13:52:34 UTC,-73.977946,40.752152,-73.871034,40.774249,1
2009-09-02 04:51:01.0000001,7.7,2009-09-02 04:51:01 UTC,-73.98752,40.728799,-74.00711,40.70512,1
2009-06-25 23:54:00.000000248,25.3,2009-06-25 23:54:00 UTC,-73.87466,40.773998,-73.994047,40.683263,2
2014-06-02 21:23:00.00000087,15.5,2014-06-02 21:23:00 UTC,-73.96841,40.758882,-73.95432,40.728172,5
2013-11-23 00:11:00.00000071,3.5,2013-11-23 00:11:00 UTC,-73.981802,40.728757,-73.984692,40.724852,3
2013-10-19 20:32:00.000000243,14.0,2013-10-19 20:32:00 UTC,-73.985285,40.738882,-74.009872,40.722347,5
2012-09-30 16:25:00.00000010,30.5,2012-09-30 16:25:00 UTC,-73.98096,40.762457,-73.87046,40.773632,1
2012-07-05 14:57:00.000000126,4.9,2012-07-05 14:57:00 UTC,-73.974847,40.742042,-73.983232,40.743902,2
2011-03-23 15:01:31.0000001,12.9,2011-03-23 15:01:31 UTC,-73.994195,40.751845,-74.003173,40.715645,2
2010-04-08 23:19:35.0000001,8.5,2010-04-08 23:19:35 UTC,-73.99049,40.751938,-74.010792,40.723642,1
2009-12-06 10:44:13.0000002,5.3,2009-12-06 10:44:13 UTC,-73.989427,40.748083,-73.983861,40.752926,4
2013-04-06 10:35:19.0000002,5.0,2013-04-06 10:35:19 UTC,-73.976277,40.751322,-73.973574,40.747006,1
2009-08-19 19:50:33.0000009,4.1,2009-08-19 19:50:33 UTC,-74.00023,40.743544,-73.994568,40.750576,1
2014-10-17 10:50:05.0000002,19.5,2014-10-17 10:50:05 UTC,-73.993261,40.752525,-74.003977,40.713329,4
2014-01-26 12:25:00.000000123,10.5,2014-01-26 12:25:00 UTC,-74.015217,40.709312,-73.984868,40.710742,1
2013-10-30 15:34:14.0000003,11.0,2013-10-30 15:34:14 UTC,-73.95189,40.769023,-73.968697,40.750456,1
2013-12-13 02:18:28.0000001,9.0,2013-12-13 02:18:28 UTC,-73.996098,40.743492,-73.987029,40.722311,1
2012-11-28 13:51:55.0000005,7.5,2012-11-28 13:51:55 UTC,-73.983858,40.721672,-74.001692,40.726182,1
2009-11-20 01:19:00.00000074,4.1,2009-11-20 01:19:00 UTC,-73.990368,40.730785,-73.99978,40.738555,1
2011-05-19 11:19:00.000000217,15.7,2011-05-19 11:19:00 UTC,-73.913932,40.742852,-73.87326,40.774215,1
2014-10-19 04:12:30.0000001,12.0,2014-10-19 04:12:30 UTC,-73.995422,40.717443,-74.016488,40.707025,1
2011-10-09 07:48:05.0000001,14.1,2011-10-09 07:48:05 UTC,0.0,0.0,0.0,0.0,1
2010-10-16 19:17:00.00000075,30.1,2010-10-16 19:17:00 UTC,-73.985638,40.721815,-74.010027,40.705418,1
2014-04-24 08:47:00.000000229,10.0,2014-04-24 08:47:00 UTC,-73.997645,40.756475,-73.98093,40.753397,1
2013-10-14 15:41:07.0000002,7.0,2013-10-14 15:41:07 UTC,-74.0144,40.703135,-74.010573,40.711935,1
2011-10-03 14:03:13.0000002,14.9,2011-10-03 14:03:13 UTC,-73.991455,40.754513,-74.007156,40.715941,1
2013-06-17 10:08:00.00000045,11.0,2013-06-17 10:08:00 UTC,-73.95641,40.767177,-73.975695,40.736927,1
2011-04-14 12:08:00.00000015,5.3,2011-04-14 12:08:00 UTC,-73.957627,40.771832,-73.95311,40.76485,1
2009-04-29 08:43:00.000000189,6.5,2009-04-29 08:43:00 UTC,-73.96068,40.763605,-73.952667,40.78116,1
2013-03-18 22:08:21.0000001,6.0,2013-03-18 22:08:21 UTC,-73.979844,40.781354,-73.982196,40.773212,1
2010-05-17 13:18:32.0000002,8.1,2010-05-17 13:18:32 UTC,-73.956086,40.767617,-73.970323,40.759767,1
2012-10-15 18:12:55.0000002,11.5,2012-10-15 18:12:55 UTC,-73.971309,40.78458,-73.987437,40.779425,2
2010-03-05 12:57:51.0000004,4.1,2010-03-05 12:57:51 UTC,-73.976293,40.775895,-73.980949,40.779446,1
2012-04-11 12:53:00.000000143,49.8,2012-04-11 12:53:00 UTC,0.0,0.0,-73.983153,40.760965,1
2009-04-09 06:20:04.0000002,4.9,2009-04-09 06:20:04 UTC,0.0,0.0,0.0,0.0,1
2012-12-10 15:14:36.0000006,4.5,2012-12-10 15:14:36 UTC,-73.955993,40.768116,-73.956609,40.775163,1
2014-06-18 06:44:46.0000004,7.5,2014-06-18 06:44:46 UTC,-73.993318,40.724499,-74.008933,40.707551,1
2009-01-02 15:48:00.00000027,5.3,2009-01-02 15:48:00 UTC,-73.95046,40.771817,-73.965473,40.763287,1
2012-01-07 12:41:00.00000077,28.9,2012-01-07 12:41:00 UTC,-74.009735,40.704797,-73.86173,40.768388,5
2012-07-11 21:12:00.0000001,9.7,2012-07-11 21:12:00 UTC,-73.962772,40.804482,-73.983377,40.771387,1
2011-10-03 16:15:21.0000004,12.9,2011-10-03 16:15:21 UTC,-73.959638,40.773999,-73.990029,40.756143,1
2013-12-06 01:55:00.00000041,22.0,2013-12-06 01:55:00 UTC,-73.981837,40.728392,-73.941838,40.807112,5
2012-01-03 13:35:03.0000003,8.1,2012-01-03 13:35:03 UTC,-74.010869,40.71068,-74.005885,40.707574,2
2013-08-09 20:19:46.0000002,5.0,2013-08-09 20:19:46 UTC,-73.974806,40.746393,-73.97651,40.751906,1
2012-01-27 01:36:00.00000036,7.3,2012-01-27 01:36:00 UTC,-73.951797,40.714877,-73.961003,40.711215,1
2011-11-13 11:14:03.0000005,45.0,2011-11-13 11:14:03 UTC,-73.776841,40.645282,-73.994526,40.727069,1
2010-04-12 12:28:00.000000107,5.7,2010-04-12 12:28:00 UTC,-73.953998,40.786172,-73.95409,40.770865,4
2013-06-11 23:33:00.000000126,5.0,2013-06-11 23:33:00 UTC,-73.989308,40.72992,-73.996267,40.736337,1
2011-02-06 13:07:00.00000031,6.1,2011-02-06 13:07:00 UTC,-73.976242,40.754965,-73.992338,40.748558,2
2013-11-23 08:17:43.0000001,8.5,2013-11-23 08:17:43 UTC,-73.974899,40.73291,-73.995367,40.743968,1
2009-10-28 21:37:13.0000002,6.9,2009-10-28 21:37:13 UTC,-73.94599,40.781899,-73.964362,40.792534,1
2009-01-18 18:43:00.000000210,5.7,2009-01-18 18:43:00 UTC,-73.981178,40.78442,-73.965935,40.792345,5
2011-06-25 20:26:44.0000003,9.7,2011-06-25 20:26:44 UTC,-73.986397,40.746958,-73.988264,40.724031,1
2011-11-04 22:21:00.00000016,6.1,2011-11-04 22:21:00 UTC,-74.007917,40.71498,-73.997527,40.736285,1
2009-01-30 22:07:00.000000226,8.5,2009-01-30 22:07:00 UTC,-73.989353,40.759138,-73.980042,40.786105,5
2014-12-12 12:17:37.0000003,11.5,2014-12-12 12:17:37 UTC,-73.974166,40.756394,-73.956118,40.763552,1
2010-12-13 15:57:56.0000002,3.7,2010-12-13 15:57:56 UTC,-73.978782,40.747903,-73.985858,40.740052,1
2010-12-08 17:35:00.00000065,21.3,2010-12-08 17:35:00 UTC,-73.94241,40.790793,-73.98673,40.755555,1
2009-12-18 01:23:48.0000003,4.5,2009-12-18 01:23:48 UTC,-73.984167,40.725091,-73.988407,40.716471,1
2010-02-10 07:24:00.00000070,7.3,2010-02-10 07:24:00 UTC,-73.998372,40.760965,-73.993895,40.745777,1
2011-11-30 22:18:05.0000004,11.3,2011-11-30 22:18:05 UTC,-74.008164,40.748012,-73.977662,40.754833,1
2011-02-05 12:35:00.00000087,4.5,2011-02-05 12:35:00 UTC,-73.969837,40.749288,-73.9696,40.756957,3
2012-05-19 14:40:00.000000111,3.7,2012-05-19 14:40:00 UTC,-73.981562,40.690372,-73.98162,40.69581,1
2013-11-22 21:41:00.00000081,8.0,2013-11-22 21:41:00 UTC,0.0,0.0,0.0,0.0,1
2009-08-05 23:09:00.000000122,5.7,2009-08-05 23:09:00 UTC,-74.00139,40.729627,-74.010822,40.713397,5
2011-04-29 11:36:19.0000006,14.5,2011-04-29 11:36:19 UTC,-73.969663,40.760485,-74.008668,40.74574,2
2012-11-13 07:42:00.000000140,8.0,2012-11-13 07:42:00 UTC,-73.981465,40.768617,-73.966042,40.766307,6
2012-09-27 06:55:35.0000001,11.0,2012-09-27 06:55:35 UTC,-73.947467,40.805256,-73.963887,40.774501,1
2012-07-05 23:04:00.00000068,6.5,2012-07-05 23:04:00 UTC,-73.992607,40.723892,-73.99465,40.739117,3
2012-11-18 08:49:00.00000027,5.0,2012-11-18 08:49:00 UTC,-73.945975,40.773325,-73.954463,40.773047,1
2013-07-16 23:35:00.00000017,5.5,2013-07-16 23:35:00 UTC,-73.965997,40.76243,-73.955255,40.777277,2
2012-12-07 11:08:15.0000002,3.5,2012-12-07 11:08:15 UTC,-73.947306,40.775698,-73.946088,40.779593,1
2011-04-28 11:48:00.00000093,10.1,2011-04-28 11:48:00 UTC,-73.990497,40.746042,-73.980702,40.760233,2
2013-01-19 22:39:00.000000190,8.0,2013-01-19 22:39:00 UTC,-73.994635,40.755777,-73.982307,40.740882,1
2013-12-30 18:16:00.000000237,14.5,2013-12-30 18:16:00 UTC,-73.95817,40.761152,-73.99071,40.724252,1
2009-04-01 22:51:42.0000001,8.6,2009-04-01 22:51:42 UTC,-73.991592,40.750109,-73.980088,40.726799,1
2009-10-23 23:22:00.00000021,11.3,2009-10-23 23:22:00 UTC,-74.002555,40.718672,-73.978132,40.751823,2
2011-03-13 11:39:00.000000105,6.1,2011-03-13 11:39:00 UTC,-73.977393,40.725957,-73.998473,40.72342,1
2010-03-18 23:02:00.000000205,8.5,2010-03-18 23:02:00 UTC,-73.996615,40.737598,-73.972413,40.756283,1
2012-08-15 07:51:00.00000092,7.7,2012-08-15 07:51:00 UTC,-74.004432,40.741622,-73.986995,40.742322,1
2012-10-07 13:20:27.0000002,56.8,2012-10-07 13:20:27 UTC,-73.7815,40.644893,-73.989501,40.755944,1
2011-05-13 19:47:00.000000186,4.9,2011-05-13 19:47:00 UTC,-73.96076,40.757882,-73.970818,40.752048,3
2011-06-16 20:49:00.000000258,14.1,2011-06-16 20:49:00 UTC,-73.990517,40.74002,-73.96193,40.71351,1
2009-03-26 14:31:00.00000088,6.1,2009-03-26 14:31:00 UTC,-73.962723,40.772663,-73.955678,40.764427,1
2010-06-16 23:25:00.00000058,10.5,2010-06-16 23:25:00 UTC,-73.982467,40.771168,-73.96009,40.775643,1
2010-06-12 14:45:00.00000024,12.5,2010-06-12 14:45:00 UTC,-73.777745,40.692963,-73.763528,40.688588,4
2014-06-02 10:31:54.0000005,6.0,2014-06-02 10:31:54 UTC,-73.97812,40.761748,-73.984637,40.74851,3
2014-05-01 16:19:02.0000002,8.0,2014-05-01 16:19:02 UTC,-73.963458,40.775224,-73.971606,40.762096,1
2009-09-09 04:10:00.0000009,9.7,2009-09-09 04:10:00 UTC,-73.972758,40.756093,-74.005467,40.72698,1
2009-12-16 02:42:54.0000002,4.9,2009-12-16 02:42:54 UTC,-74.006379,40.739637,-74.00728,40.733087,1
2010-02-06 12:03:10.0000004,7.3,2010-02-06 12:03:10 UTC,-73.980292,40.744355,-73.986146,40.760654,1
2014-09-04 00:15:00.000000119,15.5,2014-09-04 00:15:00 UTC,-73.98926,40.71786,-73.99982,40.7434,1
2014-07-11 01:08:23.0000002,12.5,2014-07-11 01:08:23 UTC,-73.99923,40.719963,-74.00424,40.742177,4
2014-12-22 14:35:00.00000046,9.0,2014-12-22 14:35:00 UTC,-73.9692,40.80083,-73.95309,40.8132,3
2010-08-25 12:39:57.0000001,6.1,2010-08-25 12:39:57 UTC,-73.979582,40.735336,-73.98219,40.7487,1
2010-11-12 15:09:09.0000001,31.3,2010-11-12 15:09:09 UTC,-73.982324,40.75754,-73.861714,40.76839,1
2010-03-28 11:59:00.000000202,12.5,2010-03-28 11:59:00 UTC,-73.967508,40.758725,-73.991925,40.737923,1
2011-07-16 22:49:11.0000002,6.5,2011-07-16 22:49:11 UTC,-73.9907,40.766,-73.9748,40.7833,1
2009-07-26 04:04:00.00000038,14.5,2009-07-26 04:04:00 UTC,-73.981257,40.724933,-73.984355,40.762722,1
2013-10-27 03:27:00.00000076,6.0,2013-10-27 03:27:00 UTC,-74.001097,40.727642,-73.992835,40.738402,6
2012-08-11 20:24:52.0000001,7.7,2012-08-11 20:24:52 UTC,-73.990091,40.719258,-73.983389,40.743875,1
2009-12-19 09:09:02.0000001,6.5,2009-12-19 09:09:02 UTC,-73.970506,40.760301,-73.974759,40.741944,1
2014-04-15 08:09:00.00000039,10.5,2014-04-15 08:09:00 UTC,-73.98429,40.754977,-74.002632,40.760727,1
2013-12-09 11:36:00.000000145,14.0,2013-12-09 11:36:00 UTC,-74.003583,40.759482,-74.014392,40.709817,3
2010-08-14 17:19:00.000000114,5.3,2010-08-14 17:19:00 UTC,-73.988553,40.737623,-73.990353,40.750325,1
2014-11-15 15:53:09.0000009,7.5,2014-11-15 15:53:09 UTC,-73.96077,40.772294,-73.961338,40.77924,2
2014-08-09 12:05:00.000000145,16.5,2014-08-09 12:05:00 UTC,-73.95351,40.77937,-73.99076,40.750972,1
2010-04-03 09:49:46.0000006,7.7,2010-04-03 09:49:46 UTC,-73.999784,40.728396,-73.983896,40.754852,3
2010-09-22 19:57:00.000000252,6.9,2010-09-22 19:57:00 UTC,-74.005837,40.745552,-73.999668,40.72842,2
2010-07-18 01:22:00.00000061,11.7,2010-07-18 01:22:00 UTC,-74.046127,40.770602,-73.997937,40.745433,1
2014-12-09 19:21:00.00000039,27.0,2014-12-09 19:21:00 UTC,-73.97083,40.75149,-73.997128,40.688862,1
2011-07-04 18:38:35.0000003,5.3,2011-07-04 18:38:35 UTC,-73.982203,40.775468,-73.972137,40.791582,1
2009-02-25 22:44:00.000000166,6.9,2009-02-25 22:44:00 UTC,-73.979533,40.762407,-73.959805,40.777498,1
2014-08-30 10:13:00.00000050,8.5,2014-08-30 10:13:00 UTC,-73.994932,40.753602,-73.977348,40.757685,2
2011-07-29 10:02:00.000000119,7.3,2011-07-29 10:02:00 UTC,-73.986925,40.729792,-73.992718,40.742898,2
2009-02-10 13:57:43.0000006,5.7,2009-02-10 13:57:43 UTC,-73.96761,40.759473,-73.976328,40.764352,1
2012-07-02 20:22:00.000000209,4.5,2012-07-02 20:22:00 UTC,-73.989877,40.756932,-73.977615,40.753347,1
2010-10-23 14:58:17.0000004,8.5,2010-10-23 14:58:17 UTC,-73.994453,40.751068,-73.981773,40.756554,1
2009-09-09 21:50:11.0000003,50.5,2009-09-09 21:50:11 UTC,-73.776808,40.64527,-73.939387,40.788486,2
2014-08-11 07:53:44.0000002,12.5,2014-08-11 07:53:44 UTC,-73.923259,40.798423,-73.923259,40.798423,1
2009-12-10 09:53:00.000000155,49.57,2009-12-10 09:53:00 UTC,-73.694947,40.765707,-73.53719,39.255398,1
2012-05-17 10:34:59.0000002,6.9,2012-05-17 10:34:59 UTC,-73.995328,40.733825,-73.99978,40.741177,1
2009-08-07 08:07:33.0000002,27.3,2009-08-07 08:07:33 UTC,-74.010886,40.711201,-73.942031,40.841391,1
2014-05-28 16:17:17.0000001,18.0,2014-05-28 16:17:17 UTC,-73.969507,40.749015,-73.998926,40.751978,1
2014-01-11 16:16:00.00000027,6.5,2014-01-11 16:16:00 UTC,-73.98805,40.7592,-74.00279,40.76051,2
2010-09-13 08:41:09.0000002,12.5,2010-09-13 08:41:09 UTC,-73.99217,40.725232,-73.996618,40.737327,1
2012-12-22 21:28:00.0000002,5.5,2012-12-22 21:28:00 UTC,-73.976595,40.76561,-73.982402,40.775168,1
2013-11-14 07:23:26.0000003,22.5,2013-11-14 07:23:26 UTC,-74.01346,40.709025,-73.988642,40.758285,1
2011-10-16 15:56:41.0000001,2.5,2011-10-16 15:56:41 UTC,-73.918246,40.770321,-73.914135,40.753372,1
